{
  "name": "Freshservice - Inform with xMatters",
  "form": "1c28270e-7f22-45d9-8e67-d9b87b47f640",
  "blocks": [
    {
      "id": "810e4a60-f6c2-4c77-bb00-f22a74011260",
      "label": "Freshservice - Inform with xMatters - Freshservice inbound",
      "environment": "HOSTED",
      "presentation": "{\"w\":60,\"x\":-49,\"h\":60,\"y\":-134}",
      "step": "174166f0-4229-467d-afa3-35b9d59706a0",
      "stepType": "INTEGRATION"
    },
    {
      "id": "1ab2812d-607c-4840-8af3-f1f658c0a1a1",
      "endpoint": "FreshService",
      "label": "Freshservice - Parse Note",
      "environment": "HOSTED",
      "presentation": "{\"w\":60,\"x\":103,\"h\":60,\"y\":-134}",
      "step": "c8feff57-3ac8-4af6-95a4-0695e6031762",
      "stepType": "SCRIPT_STEP",
      "inputMappings": [
        {
          "inputPort": "input",
          "mapping": "${810e4a60-f6c2-4c77-bb00-f22a74011260.ticket_latest_public_comment}",
          "stepInput": "4016e9d3-7a29-4e3a-9755-3a4ef4e5bbc6"
        }
      ]
    },
    {
      "id": "bf57ad62-8a3e-45bc-ac9f-e77de23b476e",
      "label": "Inform with xMatters Event",
      "environment": "HOSTED",
      "presentation": "{\"w\":60,\"x\":277,\"h\":60,\"y\":-134}",
      "step": "1c28270e-7f22-45d9-8e67-d9b87b47f640",
      "stepType": "CREATE_EVENT",
      "inputMappings": [
        {
          "inputPort": "input",
          "mapping": "${810e4a60-f6c2-4c77-bb00-f22a74011260.ticket_impact}",
          "sectionItemKey": "3b18a898-4436-4a31-83c1-8e1dd2455567"
        },
        {
          "inputPort": "input",
          "mapping": "${810e4a60-f6c2-4c77-bb00-f22a74011260.ticket_urgency}",
          "sectionItemKey": "2965551d-ae3b-42bf-b778-159df8162640"
        },
        {
          "inputPort": "input",
          "mapping": "${810e4a60-f6c2-4c77-bb00-f22a74011260.ticket_priority}",
          "sectionItemKey": "3d68ef82-a37b-43d5-aa56-c161a9bef489"
        },
        {
          "inputPort": "input",
          "mapping": "${810e4a60-f6c2-4c77-bb00-f22a74011260.ticket_requester_name}",
          "sectionItemKey": "af65c1b9-0932-4a71-bf12-41644be294d0"
        },
        {
          "inputPort": "input",
          "mapping": "${810e4a60-f6c2-4c77-bb00-f22a74011260.current_date_and_time}",
          "sectionItemKey": "8b92cba3-eed5-47d6-94e4-a281a89a0c72"
        },
        {
          "inputPort": "input",
          "mapping": "${810e4a60-f6c2-4c77-bb00-f22a74011260.ticket_category}",
          "sectionItemKey": "f399c4a3-c065-48d0-bab8-8593c3e70191"
        },
        {
          "inputPort": "input",
          "mapping": "${810e4a60-f6c2-4c77-bb00-f22a74011260.ticket_type}",
          "sectionItemKey": "9ab9e1de-8ba8-43f3-ae2e-169456f4c592"
        },
        {
          "inputPort": "input",
          "mapping": "${810e4a60-f6c2-4c77-bb00-f22a74011260.ticket_group_name}",
          "sectionItemKey": "ae188e3a-e3aa-4e28-b066-4e5c8b2507c7"
        },
        {
          "inputPort": "input",
          "mapping": "${810e4a60-f6c2-4c77-bb00-f22a74011260.ticket.created.at}",
          "sectionItemKey": "e59b2479-8b7d-407c-8947-3c8f7de30952"
        },
        {
          "inputPort": "input",
          "mapping": "${810e4a60-f6c2-4c77-bb00-f22a74011260.ticket_public_url}",
          "sectionItemKey": "63db7cff-2486-48c5-9207-e5974db2c4b1"
        },
        {
          "inputPort": "input",
          "mapping": "${810e4a60-f6c2-4c77-bb00-f22a74011260.ticket_url}",
          "sectionItemKey": "3735686a-aab4-4e6d-a916-a5b892e3d62c"
        },
        {
          "inputPort": "input",
          "mapping": "${810e4a60-f6c2-4c77-bb00-f22a74011260.ticket_id}",
          "sectionItemKey": "36fd9dfc-8a3d-4c1d-9e7e-c1706eb4f4df"
        },
        {
          "inputPort": "input",
          "mapping": "${810e4a60-f6c2-4c77-bb00-f22a74011260.ticket_tags}",
          "sectionItemKey": "e6e90daa-ac99-4901-a22c-e856590f50d1"
        },
        {
          "inputPort": "input",
          "mapping": "${810e4a60-f6c2-4c77-bb00-f22a74011260.ticket_description}",
          "sectionItemKey": "9b84c410-a8cb-4d80-ad20-d27b67d6966d"
        },
        {
          "inputPort": "input",
          "mapping": "${810e4a60-f6c2-4c77-bb00-f22a74011260.ticket_subject}",
          "sectionItemKey": "a6f62db7-560a-461a-b78a-946cefdc40bc"
        },
        {
          "inputPort": "input",
          "mapping": "${1ab2812d-607c-4840-8af3-f1f658c0a1a1.agent_commenter} made a public comment: ${1ab2812d-607c-4840-8af3-f1f658c0a1a1.note}",
          "sectionItemKey": "0bed5cb8-9095-4e2f-9b69-6ba176f0abe9"
        }
      ]
    }
  ],
  "edges": [
    {
      "fromBlock": "810e4a60-f6c2-4c77-bb00-f22a74011260",
      "fromPort": "output",
      "toBlock": "1ab2812d-607c-4840-8af3-f1f658c0a1a1",
      "toPort": "input"
    },
    {
      "fromBlock": "1ab2812d-607c-4840-8af3-f1f658c0a1a1",
      "fromPort": "output",
      "toBlock": "bf57ad62-8a3e-45bc-ac9f-e77de23b476e",
      "toPort": "input"
    }
  ]
}