{
  "name": "Freshservice - Engage with xMatters",
  "form": "d94589bb-d68b-45ee-beeb-649bff8bffbe",
  "blocks": [
    {
      "id": "7653d185-0529-47c0-8041-074ddda1b484",
      "label": "Acknowledge",
      "environment": "HOSTED",
      "presentation": "{}",
      "step": "8e5f1ec9-6b86-4f41-a65e-e3a5ea074098",
      "stepType": "INTEGRATION"
    },
    {
      "id": "eac66b93-f14a-47f2-b13a-0cc30f209de5",
      "label": "Escalate",
      "environment": "HOSTED",
      "presentation": "{}",
      "step": "ded9dfef-b74f-4b1d-9fe6-6df5f0336733",
      "stepType": "INTEGRATION"
    },
    {
      "id": "808fd9a4-d0db-44c8-aefc-300126b82709",
      "endpoint": "FreshService",
      "label": "FreshService - Create Note",
      "environment": "HOSTED",
      "presentation": "{\"w\":60,\"x\":235,\"h\":60,\"y\":-135}",
      "step": "a26a6fb8-0b42-427f-a335-91bb061b4713",
      "stepType": "SCRIPT_STEP",
      "inputMappings": [
        {
          "inputPort": "input",
          "mapping": "${c09e294f-b498-4d6d-b805-985ce342dfc9.ticket_id}",
          "stepInput": "9e7e42fe-a5a9-4fe6-b5dd-d2a221542ed5"
        },
        {
          "inputPort": "input",
          "mapping": "<strong>${c09e294f-b498-4d6d-b805-985ce342dfc9.ticket_tags}</strong> group(s) were engaged to help resolve this incident",
          "stepInput": "1dcb1d7e-f337-47c6-bef1-e8355b1e71d2"
        },
        {
          "inputPort": "input",
          "mapping": "true",
          "stepInput": "d4893624-7ef1-4e69-80d2-8d970de5590b"
        }
      ]
    },
    {
      "id": "a3343dcd-9aa7-4f94-92ce-5e727df818d7",
      "endpoint": "FreshService",
      "label": "FreshService - Create Note",
      "environment": "HOSTED",
      "presentation": "{\"w\":60,\"x\":608,\"h\":60,\"y\":-174}",
      "step": "a26a6fb8-0b42-427f-a335-91bb061b4713",
      "stepType": "SCRIPT_STEP",
      "inputMappings": [
        {
          "inputPort": "input",
          "mapping": "${event.properties.ticket_id}",
          "stepInput": "9e7e42fe-a5a9-4fe6-b5dd-d2a221542ed5"
        },
        {
          "inputPort": "input",
          "mapping": "<strong>${triggerOutputRESPONSE.respondedTo.by.targetName}</strong> said they will be joining soon.",
          "stepInput": "1dcb1d7e-f337-47c6-bef1-e8355b1e71d2"
        },
        {
          "inputPort": "input",
          "mapping": "true",
          "stepInput": "d4893624-7ef1-4e69-80d2-8d970de5590b"
        }
      ]
    },
    {
      "id": "a44d7a8a-73f1-44a8-adce-02712954f8ee",
      "endpoint": "FreshService",
      "label": "FreshService - Create Note",
      "environment": "HOSTED",
      "presentation": "{\"w\":60,\"x\":137,\"h\":60,\"y\":173}",
      "step": "a26a6fb8-0b42-427f-a335-91bb061b4713",
      "stepType": "SCRIPT_STEP",
      "inputMappings": [
        {
          "inputPort": "input",
          "mapping": "${event.properties.ticket_id}",
          "stepInput": "9e7e42fe-a5a9-4fe6-b5dd-d2a221542ed5"
        },
        {
          "inputPort": "input",
          "mapping": "${triggerOutputANNOTATION.annotation.author.targetName} made a comment to their ${triggerOutputANNOTATION.annotation.response.response} response: ${triggerOutputANNOTATION.annotation.comment}",
          "stepInput": "1dcb1d7e-f337-47c6-bef1-e8355b1e71d2"
        },
        {
          "inputPort": "input",
          "mapping": "true",
          "stepInput": "d4893624-7ef1-4e69-80d2-8d970de5590b"
        }
      ]
    },
    {
      "id": "6a330d85-8c2b-429f-b831-fe8c2962a7ab",
      "label": "Freshservice - Engage with xMatters - Event Comments",
      "environment": "HOSTED",
      "presentation": "{\"w\":60,\"x\":-2,\"h\":60,\"y\":169}",
      "step": "80cfca18-cd14-41eb-9580-04fea0cc3beb",
      "stepType": "INTEGRATION"
    },
    {
      "id": "c09e294f-b498-4d6d-b805-985ce342dfc9",
      "label": "Freshservice - Engage with xMatters - Freshservice inbound",
      "environment": "HOSTED",
      "presentation": "{\"w\":60,\"x\":-146,\"h\":60,\"y\":-131}",
      "step": "b98f82e6-5079-4125-9fe7-c972ade77ec0",
      "stepType": "INTEGRATION"
    },
    {
      "id": "b0af5df5-becc-4ef2-aa5c-7e7aeb7ad3a6",
      "label": "Responses",
      "environment": "HOSTED",
      "presentation": "{\"w\":100,\"x\":428,\"h\":50,\"y\":-332}",
      "stepType": "RESPONSES"
    },
    {
      "id": "6b0662b7-2059-4685-a43a-3043ac80d64b",
      "label": "xMatters Create Event - Freshservice - Engage with xMatters",
      "environment": "HOSTED",
      "presentation": "{\"w\":60,\"x\":52,\"h\":60,\"y\":-132}",
      "step": "d94589bb-d68b-45ee-beeb-649bff8bffbe",
      "stepType": "CREATE_EVENT",
      "inputMappings": [
        {
          "inputPort": "input",
          "mapping": "${c09e294f-b498-4d6d-b805-985ce342dfc9.ticket.agent.name}",
          "sectionItemKey": "a3582d3c-3eb9-4838-ad45-17e7c1bca640"
        },
        {
          "inputPort": "input",
          "mapping": "${c09e294f-b498-4d6d-b805-985ce342dfc9.ticket_status}",
          "sectionItemKey": "a10bfac5-7d74-4fdd-92b8-c423c3588791"
        },
        {
          "inputPort": "input",
          "mapping": "${c09e294f-b498-4d6d-b805-985ce342dfc9.ticket_id}",
          "sectionItemKey": "80679d0d-5185-420e-bbeb-7f1255a6582b"
        },
        {
          "inputPort": "input",
          "mapping": "${c09e294f-b498-4d6d-b805-985ce342dfc9.ticket.created.at}",
          "sectionItemKey": "8350cb42-69b8-4fd5-a339-80c5a858bacf"
        },
        {
          "inputPort": "input",
          "mapping": "${c09e294f-b498-4d6d-b805-985ce342dfc9.ticket_type}",
          "sectionItemKey": "54f6fc16-6b10-4675-b903-febfd8c1b9d1"
        },
        {
          "inputPort": "input",
          "mapping": "${c09e294f-b498-4d6d-b805-985ce342dfc9.ticket_group_name}",
          "sectionItemKey": "041acfcc-4510-43a8-8ac2-505db205da53"
        },
        {
          "inputPort": "input",
          "mapping": "${c09e294f-b498-4d6d-b805-985ce342dfc9.ticket_tags}",
          "sectionItemKey": "recipients"
        },
        {
          "inputPort": "input",
          "mapping": "${c09e294f-b498-4d6d-b805-985ce342dfc9.ticket_subject}",
          "sectionItemKey": "bdad52e1-06a0-454f-9d1f-fdd36483e95c"
        },
        {
          "inputPort": "input",
          "mapping": "${c09e294f-b498-4d6d-b805-985ce342dfc9.ticket_impact}",
          "sectionItemKey": "2697b082-e60c-4c05-a3be-040ee432041d"
        },
        {
          "inputPort": "input",
          "mapping": "${c09e294f-b498-4d6d-b805-985ce342dfc9.ticket_url}",
          "sectionItemKey": "679d3f48-ac7e-446d-9975-8a61c4c10de5"
        },
        {
          "inputPort": "input",
          "mapping": "${c09e294f-b498-4d6d-b805-985ce342dfc9.ticket_urgency}",
          "sectionItemKey": "c269418a-d89f-4e8a-863d-74a3eaa1078b"
        },
        {
          "inputPort": "input",
          "mapping": "${c09e294f-b498-4d6d-b805-985ce342dfc9.ticket_priority}",
          "sectionItemKey": "54a6d8fb-dfd9-4728-ad10-735f6fc19b5c"
        }
      ]
    }
  ],
  "edges": [
    {
      "fromBlock": "c09e294f-b498-4d6d-b805-985ce342dfc9",
      "fromPort": "output",
      "toBlock": "6b0662b7-2059-4685-a43a-3043ac80d64b",
      "toPort": "input"
    },
    {
      "fromBlock": "6a330d85-8c2b-429f-b831-fe8c2962a7ab",
      "fromPort": "output",
      "toBlock": "a44d7a8a-73f1-44a8-adce-02712954f8ee",
      "toPort": "input"
    },
    {
      "fromBlock": "6b0662b7-2059-4685-a43a-3043ac80d64b",
      "fromPort": "output",
      "toBlock": "808fd9a4-d0db-44c8-aefc-300126b82709",
      "toPort": "input"
    },
    {
      "fromBlock": "7653d185-0529-47c0-8041-074ddda1b484",
      "fromPort": "output",
      "toBlock": "a3343dcd-9aa7-4f94-92ce-5e727df818d7",
      "toPort": "input"
    }
  ]
}