{
  "name": "Freshservice - Engage with xMatters",
  "form": "e12e65df-db40-4d3d-8469-4bb55c43b9ce",
  "blocks": [
    {
      "id": "8db6e03f-022f-438f-9f84-1c135668163e",
      "label": "Acknowledge",
      "environment": "HOSTED",
      "presentation": "{}",
      "step": "8005c448-710f-4665-82ef-e7bb42bc6cfd",
      "stepType": "INTEGRATION"
    },
    {
      "id": "b2dd3315-6052-4b32-b1e6-40d9de0fb8d0",
      "label": "Escalate",
      "environment": "HOSTED",
      "presentation": "{}",
      "step": "c86f1764-9751-461e-9945-e4a487381d55",
      "stepType": "INTEGRATION"
    },
    {
      "id": "d9a42ece-a0f2-40c1-a33b-61a85b5367e6",
      "endpoint": "FreshService",
      "label": "FreshService - Create Note",
      "environment": "HOSTED",
      "presentation": "{\"w\":60,\"x\":235,\"h\":60,\"y\":-135}",
      "step": "8bd85202-e479-4994-93f3-3193276ed180",
      "stepType": "SCRIPT_STEP",
      "inputMappings": [
        {
          "inputPort": "input",
          "mapping": "${c7a739bd-9ce7-4324-b7f7-7bc9bb11b18a.ticket_id}",
          "stepInput": "234c6a90-a8a8-430c-9fb3-ef61af732e10"
        },
        {
          "inputPort": "input",
          "mapping": "<strong>${c7a739bd-9ce7-4324-b7f7-7bc9bb11b18a.ticket_tags}</strong> group(s) were engaged to help resolve this incident",
          "stepInput": "8296e883-e11f-4134-9a97-4e098f8fb020"
        },
        {
          "inputPort": "input",
          "mapping": "true",
          "stepInput": "c7cdcad3-31f5-42ec-88ac-7f4ea5f42eef"
        }
      ]
    },
    {
      "id": "f2d6c713-2d67-4733-b06e-f0a4a09246ea",
      "endpoint": "FreshService",
      "label": "FreshService - Create Note",
      "environment": "HOSTED",
      "presentation": "{\"w\":60,\"x\":608,\"h\":60,\"y\":-174}",
      "step": "8bd85202-e479-4994-93f3-3193276ed180",
      "stepType": "SCRIPT_STEP",
      "inputMappings": [
        {
          "inputPort": "input",
          "mapping": "${event.properties.ticket_id}",
          "stepInput": "234c6a90-a8a8-430c-9fb3-ef61af732e10"
        },
        {
          "inputPort": "input",
          "mapping": "<strong>${triggerOutputRESPONSE.respondedTo.by.targetName}</strong> said they will be joining soon.",
          "stepInput": "8296e883-e11f-4134-9a97-4e098f8fb020"
        },
        {
          "inputPort": "input",
          "mapping": "true",
          "stepInput": "c7cdcad3-31f5-42ec-88ac-7f4ea5f42eef"
        }
      ]
    },
    {
      "id": "c7a739bd-9ce7-4324-b7f7-7bc9bb11b18a",
      "label": "Freshservice - Engage with xMatters - Freshservice inbound",
      "environment": "HOSTED",
      "presentation": "{\"w\":60,\"x\":-146,\"h\":60,\"y\":-131}",
      "step": "d7f451ba-270b-4ed7-b2bd-c7189e7cd60f",
      "stepType": "INTEGRATION"
    },
    {
      "id": "e4c52790-d90d-4082-830a-3d4649a8b46a",
      "label": "Responses",
      "environment": "HOSTED",
      "presentation": "{\"w\":100,\"x\":428,\"h\":50,\"y\":-332}",
      "stepType": "RESPONSES"
    },
    {
      "id": "eeab30ce-f0ea-48ee-8097-958f03282bb9",
      "label": "xMatters Create Event - Freshservice - Engage with xMatters",
      "environment": "HOSTED",
      "presentation": "{\"w\":60,\"x\":52,\"h\":60,\"y\":-132}",
      "step": "e12e65df-db40-4d3d-8469-4bb55c43b9ce",
      "stepType": "CREATE_EVENT",
      "inputMappings": [
        {
          "inputPort": "input",
          "mapping": "${c7a739bd-9ce7-4324-b7f7-7bc9bb11b18a.ticket_subject}",
          "sectionItemKey": "a6f62db7-560a-461a-b78a-946cefdc40bc"
        },
        {
          "inputPort": "input",
          "mapping": "${c7a739bd-9ce7-4324-b7f7-7bc9bb11b18a.ticket_impact}",
          "sectionItemKey": "3b18a898-4436-4a31-83c1-8e1dd2455567"
        },
        {
          "inputPort": "input",
          "mapping": "${c7a739bd-9ce7-4324-b7f7-7bc9bb11b18a.ticket_id}",
          "sectionItemKey": "36fd9dfc-8a3d-4c1d-9e7e-c1706eb4f4df"
        },
        {
          "inputPort": "input",
          "mapping": "${c7a739bd-9ce7-4324-b7f7-7bc9bb11b18a.ticket_urgency}",
          "sectionItemKey": "2965551d-ae3b-42bf-b778-159df8162640"
        },
        {
          "inputPort": "input",
          "mapping": "${c7a739bd-9ce7-4324-b7f7-7bc9bb11b18a.ticket.created.at}",
          "sectionItemKey": "e59b2479-8b7d-407c-8947-3c8f7de30952"
        },
        {
          "inputPort": "input",
          "mapping": "${c7a739bd-9ce7-4324-b7f7-7bc9bb11b18a.ticket_group_name}",
          "sectionItemKey": "ae188e3a-e3aa-4e28-b066-4e5c8b2507c7"
        },
        {
          "inputPort": "input",
          "mapping": "${c7a739bd-9ce7-4324-b7f7-7bc9bb11b18a.ticket_type}",
          "sectionItemKey": "9ab9e1de-8ba8-43f3-ae2e-169456f4c592"
        },
        {
          "inputPort": "input",
          "mapping": "${c7a739bd-9ce7-4324-b7f7-7bc9bb11b18a.ticket_tags}",
          "sectionItemKey": "recipients"
        },
        {
          "inputPort": "input",
          "mapping": "${c7a739bd-9ce7-4324-b7f7-7bc9bb11b18a.ticket_url}",
          "sectionItemKey": "3735686a-aab4-4e6d-a916-a5b892e3d62c"
        },
        {
          "inputPort": "input",
          "mapping": "${c7a739bd-9ce7-4324-b7f7-7bc9bb11b18a.ticket_status}",
          "sectionItemKey": "a5905aea-871a-4c88-a7f1-ab573ed4c8a0"
        },
        {
          "inputPort": "input",
          "mapping": "${c7a739bd-9ce7-4324-b7f7-7bc9bb11b18a.ticket.agent.name}",
          "sectionItemKey": "6ef20a3c-e84d-4bb0-93bb-6d1e624e8bc5"
        },
        {
          "inputPort": "input",
          "mapping": "${c7a739bd-9ce7-4324-b7f7-7bc9bb11b18a.ticket_priority}",
          "sectionItemKey": "3d68ef82-a37b-43d5-aa56-c161a9bef489"
        }
      ]
    }
  ],
  "edges": [
    {
      "fromBlock": "8db6e03f-022f-438f-9f84-1c135668163e",
      "fromPort": "output",
      "toBlock": "f2d6c713-2d67-4733-b06e-f0a4a09246ea",
      "toPort": "input"
    },
    {
      "fromBlock": "c7a739bd-9ce7-4324-b7f7-7bc9bb11b18a",
      "fromPort": "output",
      "toBlock": "eeab30ce-f0ea-48ee-8097-958f03282bb9",
      "toPort": "input"
    },
    {
      "fromBlock": "eeab30ce-f0ea-48ee-8097-958f03282bb9",
      "fromPort": "output",
      "toBlock": "d9a42ece-a0f2-40c1-a33b-61a85b5367e6",
      "toPort": "input"
    }
  ]
}