{
  "name": "Freshservice alert",
  "form": "36202c98-124e-49e9-b2ac-b94d1d971896",
  "blocks": [
    {
      "id": "50774cfb-6bb5-473d-a5ed-a90335983c90",
      "label": "Acknowledge",
      "environment": "HOSTED",
      "presentation": "{}",
      "step": "243d9688-23ed-43fb-9095-75c6f22d8bdd",
      "stepType": "INTEGRATION"
    },
    {
      "id": "beb0e8e3-43f3-4b87-8cfa-5a9afecf4c74",
      "endpoint": "FreshService",
      "label": "Add Comment - Manual Escalation",
      "environment": "HOSTED",
      "presentation": "{\"w\":60,\"x\":340,\"h\":60,\"y\":1547}",
      "step": "a26a6fb8-0b42-427f-a335-91bb061b4713",
      "stepType": "SCRIPT_STEP",
      "inputMappings": [
        {
          "inputPort": "input",
          "mapping": "${event.properties.ticket_id}",
          "stepInput": "9e7e42fe-a5a9-4fe6-b5dd-d2a221542ed5"
        },
        {
          "inputPort": "input",
          "mapping": "The current targeted recipient escalated xMatters event ${event.id}. Now notifying the next recipient in ${event.targetedRecipients}.",
          "stepInput": "1dcb1d7e-f337-47c6-bef1-e8355b1e71d2"
        },
        {
          "inputPort": "input",
          "mapping": "true",
          "stepInput": "d4893624-7ef1-4e69-80d2-8d970de5590b"
        }
      ]
    },
    {
      "id": "872b5478-0089-4ff2-a100-28b263deab00",
      "endpoint": "FreshService",
      "label": "Add Comment - Timeout Escalation",
      "environment": "HOSTED",
      "presentation": "{\"w\":60,\"x\":340,\"h\":60,\"y\":1717}",
      "step": "a26a6fb8-0b42-427f-a335-91bb061b4713",
      "stepType": "SCRIPT_STEP",
      "inputMappings": [
        {
          "inputPort": "input",
          "mapping": "${event.properties.ticket_id}",
          "stepInput": "9e7e42fe-a5a9-4fe6-b5dd-d2a221542ed5"
        },
        {
          "inputPort": "input",
          "mapping": "The current targeted recipient did not respond to xMatters event ${event.id}. Now notifying the next recipient in ${event.targetedRecipients}.",
          "stepInput": "1dcb1d7e-f337-47c6-bef1-e8355b1e71d2"
        },
        {
          "inputPort": "input",
          "mapping": "true",
          "stepInput": "d4893624-7ef1-4e69-80d2-8d970de5590b"
        }
      ]
    },
    {
      "id": "ddcdc2e4-cf7d-4dae-8f0e-e2a881154449",
      "endpoint": "FreshService",
      "label": "Create FreshService Comment",
      "environment": "HOSTED",
      "presentation": "{\"w\":60,\"x\":297,\"h\":60,\"y\":328}",
      "step": "a26a6fb8-0b42-427f-a335-91bb061b4713",
      "stepType": "SCRIPT_STEP",
      "inputMappings": [
        {
          "inputPort": "input",
          "mapping": "${event.properties.ticket_id}",
          "stepInput": "9e7e42fe-a5a9-4fe6-b5dd-d2a221542ed5"
        },
        {
          "inputPort": "input",
          "mapping": "<strong>${triggerOutputRESPONSE.respondedTo.by.targetName}</strong> responded with ${triggerOutputRESPONSE.response.response}",
          "stepInput": "1dcb1d7e-f337-47c6-bef1-e8355b1e71d2"
        },
        {
          "inputPort": "input",
          "mapping": "true",
          "stepInput": "d4893624-7ef1-4e69-80d2-8d970de5590b"
        }
      ]
    },
    {
      "id": "615adc52-35a6-4351-89bf-6a1d9441cc8b",
      "endpoint": "FreshService",
      "label": "Create FreshService Comment",
      "environment": "HOSTED",
      "presentation": "{\"w\":60,\"x\":170,\"h\":60,\"y\":1313}",
      "step": "a26a6fb8-0b42-427f-a335-91bb061b4713",
      "stepType": "SCRIPT_STEP",
      "inputMappings": [
        {
          "inputPort": "input",
          "mapping": "${event.properties.ticket_id}",
          "stepInput": "9e7e42fe-a5a9-4fe6-b5dd-d2a221542ed5"
        },
        {
          "inputPort": "input",
          "mapping": "<strong>${triggerOutputDELIVERYSTATUS.notification.recipient.owner.targetName}</strong> was notified on their ${triggerOutputDELIVERYSTATUS.notification.recipient.name} device",
          "stepInput": "1dcb1d7e-f337-47c6-bef1-e8355b1e71d2"
        },
        {
          "inputPort": "input",
          "mapping": "true",
          "stepInput": "d4893624-7ef1-4e69-80d2-8d970de5590b"
        }
      ]
    },
    {
      "id": "7fcc5dc1-aac2-4c9d-a4a2-637cd700d3eb",
      "label": "Escalate",
      "environment": "HOSTED",
      "presentation": "{}",
      "step": "b7025a30-e6ab-4fab-9809-4cb78387cbc3",
      "stepType": "INTEGRATION"
    },
    {
      "id": "cfa0224d-fdb3-4506-92e9-e876d01f1111",
      "label": "Escalation Switch",
      "environment": "HOSTED",
      "presentation": "{\"w\":60,\"x\":170,\"h\":60,\"y\":1483}",
      "stepType": "SWITCH",
      "inputMappings": [
        {
          "inputPort": "input",
          "mapping": "${triggerOutputESCALATION.escalation.reason}"
        }
      ],
      "switchCases": [
        {
          "caseId": "1833ee54-6cf5-4fb6-8a06-39e749c6c54b",
          "caseValue": "ACTIVE"
        }
      ]
    },
    {
      "id": "a207ead6-58a6-46ca-a87e-471d32a23862",
      "endpoint": "FreshService",
      "label": "FreshService - Update Ticket",
      "environment": "HOSTED",
      "presentation": "{\"w\":60,\"x\":151,\"h\":60,\"y\":326}",
      "step": "3a982994-2ccb-4bd3-be3f-0a99b53c9376",
      "stepType": "SCRIPT_STEP",
      "inputMappings": [
        {
          "inputPort": "input",
          "mapping": "${event.properties.ticket_id}",
          "stepInput": "2420207a-0f3a-48f3-831b-f9f004505310"
        },
        {
          "inputPort": "input",
          "mapping": "${triggerOutputRESPONSE.respondedTo.by.targetName}@domain.com",
          "stepInput": "7b9cb607-eaa5-4d72-80b1-b490fb135cdd"
        },
        {
          "inputPort": "input",
          "mapping": "3",
          "stepInput": "5994e9d6-2103-464f-83bb-4c151528ad6f"
        },
        {
          "inputPort": "input",
          "mapping": "${event.properties.ticket_subject}",
          "stepInput": "aafdd049-e857-4cef-856b-68da79368324"
        },
        {
          "inputPort": "input",
          "mapping": "${event.properties.ticket_description}",
          "stepInput": "af9f7edb-4a31-4e25-898a-2976ab30498e"
        },
        {
          "inputPort": "input",
          "mapping": "${event.properties.ticket_priority}",
          "stepInput": "18ab9be1-f715-4923-b857-25e87f9b320b"
        },
        {
          "inputPort": "input",
          "mapping": "${event.properties.ticket_urgency}",
          "stepInput": "7a82cf04-f36c-41ca-8ea2-012f033ddaca"
        },
        {
          "inputPort": "input",
          "mapping": "${event.properties.ticket_impact}",
          "stepInput": "b73c758f-a1c4-48c4-bcb3-e2fb1528e332"
        }
      ]
    },
    {
      "id": "0bfa00df-ca7b-4dd5-8c19-d68d4e8f0f22",
      "endpoint": "FreshService",
      "label": "FreshService - Update Ticket",
      "environment": "HOSTED",
      "presentation": "{\"w\":60,\"x\":140,\"h\":60,\"y\":635}",
      "step": "3a982994-2ccb-4bd3-be3f-0a99b53c9376",
      "stepType": "SCRIPT_STEP",
      "inputMappings": [
        {
          "inputPort": "input",
          "mapping": "${event.properties.ticket_id}",
          "stepInput": "2420207a-0f3a-48f3-831b-f9f004505310"
        },
        {
          "inputPort": "input",
          "mapping": "4",
          "stepInput": "5994e9d6-2103-464f-83bb-4c151528ad6f"
        },
        {
          "inputPort": "input",
          "mapping": "${event.properties.ticket_subject}",
          "stepInput": "aafdd049-e857-4cef-856b-68da79368324"
        },
        {
          "inputPort": "input",
          "mapping": "${event.properties.ticket_description}",
          "stepInput": "af9f7edb-4a31-4e25-898a-2976ab30498e"
        },
        {
          "inputPort": "input",
          "mapping": "${event.properties.ticket_priority}",
          "stepInput": "18ab9be1-f715-4923-b857-25e87f9b320b"
        },
        {
          "inputPort": "input",
          "mapping": "${event.properties.ticket_urgency}",
          "stepInput": "7a82cf04-f36c-41ca-8ea2-012f033ddaca"
        },
        {
          "inputPort": "input",
          "mapping": "${event.properties.ticket_impact}",
          "stepInput": "b73c758f-a1c4-48c4-bcb3-e2fb1528e332"
        }
      ]
    },
    {
      "id": "9f5b81cc-0d5d-4f69-8b5b-3247625297f4",
      "endpoint": "FreshService",
      "label": "FreshService Create Comment",
      "environment": "HOSTED",
      "presentation": "{\"w\":60,\"x\":340,\"h\":60,\"y\":994}",
      "step": "a26a6fb8-0b42-427f-a335-91bb061b4713",
      "stepType": "SCRIPT_STEP",
      "inputMappings": [
        {
          "inputPort": "input",
          "mapping": "${event.properties.ticket_id}",
          "stepInput": "9e7e42fe-a5a9-4fe6-b5dd-d2a221542ed5"
        },
        {
          "inputPort": "input",
          "mapping": "A new event was created in xMatters: event ID ${event.id}",
          "stepInput": "1dcb1d7e-f337-47c6-bef1-e8355b1e71d2"
        },
        {
          "inputPort": "input",
          "mapping": "true",
          "stepInput": "d4893624-7ef1-4e69-80d2-8d970de5590b"
        }
      ]
    },
    {
      "id": "6d895423-1873-400e-a1a5-37c4c5bfca4c",
      "endpoint": "FreshService",
      "label": "FreshService Create Comment",
      "environment": "HOSTED",
      "presentation": "{\"w\":60,\"x\":170,\"h\":60,\"y\":1951}",
      "step": "a26a6fb8-0b42-427f-a335-91bb061b4713",
      "stepType": "SCRIPT_STEP",
      "inputMappings": [
        {
          "inputPort": "input",
          "mapping": "${event.properties.ticket_id}",
          "stepInput": "9e7e42fe-a5a9-4fe6-b5dd-d2a221542ed5"
        },
        {
          "inputPort": "input",
          "mapping": "<strong>${triggerOutputANNOTATION.annotation.author.targetName}</strong> made a comment on their ${triggerOutputANNOTATION.annotation.response.response} response: <strong>${triggerOutputANNOTATION.annotation.comment}</strong>",
          "stepInput": "1dcb1d7e-f337-47c6-bef1-e8355b1e71d2"
        },
        {
          "inputPort": "input",
          "mapping": "true",
          "stepInput": "d4893624-7ef1-4e69-80d2-8d970de5590b"
        }
      ]
    },
    {
      "id": "b7688d5d-55f6-4f9c-ac4c-4d2281f3e9d6",
      "label": "Freshservice - Assignment Alert - Freshservice inbound",
      "environment": "HOSTED",
      "presentation": "{\"w\":60,\"x\":0,\"h\":60,\"y\":0}",
      "step": "e3febec3-5727-4e2f-b9f5-de458af7151c",
      "stepType": "INTEGRATION"
    },
    {
      "id": "87d1ce0d-46a1-4dcb-861b-19805b6349bd",
      "label": "Freshservice Assignment Alert - Escalations",
      "environment": "HOSTED",
      "presentation": "{\"w\":60,\"x\":0,\"h\":60,\"y\":1632}",
      "step": "c76f262e-a074-4290-a9dc-6ba7c0d5129a",
      "stepType": "INTEGRATION"
    },
    {
      "id": "24cfdc06-8226-4531-9e3e-28e1b1902799",
      "label": "Freshservice Assignment Alert - Event Comments",
      "environment": "HOSTED",
      "presentation": "{\"w\":60,\"x\":0,\"h\":60,\"y\":1951}",
      "step": "5f8ba27a-623b-4ec0-93ad-cb9b32682e23",
      "stepType": "INTEGRATION"
    },
    {
      "id": "ddfdfa90-4ada-4935-86f2-934a5672bcd6",
      "label": "Freshservice Assignment Alert - Event Status Updates",
      "environment": "HOSTED",
      "presentation": "{\"w\":60,\"x\":0,\"h\":60,\"y\":994}",
      "step": "8ec884c9-8134-4091-bde6-69f7040e60c6",
      "stepType": "INTEGRATION"
    },
    {
      "id": "dce954c9-1a04-489f-a1cf-1ad5e71bffe9",
      "label": "Freshservice alert - Device Delivery Updates",
      "environment": "HOSTED",
      "presentation": "{\"w\":60,\"x\":0,\"h\":60,\"y\":1313}",
      "step": "a2b75596-4673-4f87-bffd-bf0668f3b887",
      "stepType": "INTEGRATION"
    },
    {
      "id": "3a12b2e3-b972-4faa-9acb-837c6b44af81",
      "label": "Resolve",
      "environment": "HOSTED",
      "presentation": "{}",
      "step": "0f8b15a7-49ec-4031-be7d-1ad91ed5d786",
      "stepType": "INTEGRATION"
    },
    {
      "id": "bcc75a22-b5eb-4f4a-bd7e-2d40c6498eda",
      "label": "Responses",
      "environment": "HOSTED",
      "presentation": "{\"w\":100,\"x\":0,\"h\":50,\"y\":170}",
      "stepType": "RESPONSES"
    },
    {
      "id": "833718c7-3a33-4fd3-8010-d8150a6cda45",
      "label": "Switch",
      "environment": "HOSTED",
      "presentation": "{\"w\":60,\"x\":170,\"h\":60,\"y\":845}",
      "stepType": "SWITCH",
      "inputMappings": [
        {
          "inputPort": "input",
          "mapping": "${triggerOutputSTATUS.statusChanged.auditType}"
        }
      ],
      "switchCases": [
        {
          "caseId": "58921b0d-2d12-4f64-9f7e-2182d7e63707",
          "caseValue": "EVENT_CREATED"
        }
      ]
    },
    {
      "id": "71018ed8-3734-4287-9743-ca3e3d4779e8",
      "label": "xMatters Create Event - Freshservice alert",
      "environment": "HOSTED",
      "presentation": "{\"w\":60,\"x\":170,\"h\":60,\"y\":0}",
      "step": "36202c98-124e-49e9-b2ac-b94d1d971896",
      "stepType": "CREATE_EVENT",
      "inputMappings": [
        {
          "inputPort": "input",
          "mapping": "${b7688d5d-55f6-4f9c-ac4c-4d2281f3e9d6.ticket_urgency}",
          "sectionItemKey": "c269418a-d89f-4e8a-863d-74a3eaa1078b"
        },
        {
          "inputPort": "input",
          "mapping": "${b7688d5d-55f6-4f9c-ac4c-4d2281f3e9d6.ticket_impact}",
          "sectionItemKey": "2697b082-e60c-4c05-a3be-040ee432041d"
        },
        {
          "inputPort": "input",
          "mapping": "${b7688d5d-55f6-4f9c-ac4c-4d2281f3e9d6.ticket_category}",
          "sectionItemKey": "2397827b-53f0-4771-b3f0-4ee3ac554cda"
        },
        {
          "inputPort": "input",
          "mapping": "${b7688d5d-55f6-4f9c-ac4c-4d2281f3e9d6.ticket_tags}",
          "sectionItemKey": "6d830fdd-4083-4ce2-baa8-f23781098442"
        },
        {
          "inputPort": "input",
          "mapping": "${b7688d5d-55f6-4f9c-ac4c-4d2281f3e9d6.ticket_status}",
          "sectionItemKey": "a10bfac5-7d74-4fdd-92b8-c423c3588791"
        },
        {
          "inputPort": "input",
          "mapping": "${b7688d5d-55f6-4f9c-ac4c-4d2281f3e9d6.ticket_url}",
          "sectionItemKey": "679d3f48-ac7e-446d-9975-8a61c4c10de5"
        },
        {
          "inputPort": "input",
          "mapping": "${b7688d5d-55f6-4f9c-ac4c-4d2281f3e9d6.current_date_and_time}",
          "sectionItemKey": "79b4437d-f412-4be8-9b4d-fef5900c3867"
        },
        {
          "inputPort": "input",
          "mapping": "${b7688d5d-55f6-4f9c-ac4c-4d2281f3e9d6.ticket_description}",
          "sectionItemKey": "19939db8-5ff6-4e18-9522-9a040932a046"
        },
        {
          "inputPort": "input",
          "mapping": "${b7688d5d-55f6-4f9c-ac4c-4d2281f3e9d6.ticket.created.at}",
          "sectionItemKey": "8350cb42-69b8-4fd5-a339-80c5a858bacf"
        },
        {
          "inputPort": "input",
          "mapping": "${b7688d5d-55f6-4f9c-ac4c-4d2281f3e9d6.ticket_priority}",
          "sectionItemKey": "54a6d8fb-dfd9-4728-ad10-735f6fc19b5c"
        },
        {
          "inputPort": "input",
          "mapping": "${b7688d5d-55f6-4f9c-ac4c-4d2281f3e9d6.ticket_id}",
          "sectionItemKey": "80679d0d-5185-420e-bbeb-7f1255a6582b"
        },
        {
          "inputPort": "input",
          "mapping": "${b7688d5d-55f6-4f9c-ac4c-4d2281f3e9d6.ticket_requester_name}",
          "sectionItemKey": "5e6247da-bd8e-40d6-858a-ec562acd1f0d"
        },
        {
          "inputPort": "input",
          "mapping": "${b7688d5d-55f6-4f9c-ac4c-4d2281f3e9d6.ticket_subject}",
          "sectionItemKey": "bdad52e1-06a0-454f-9d1f-fdd36483e95c"
        },
        {
          "inputPort": "input",
          "mapping": "${b7688d5d-55f6-4f9c-ac4c-4d2281f3e9d6.ticket_group_name}",
          "sectionItemKey": "recipients"
        },
        {
          "inputPort": "input",
          "mapping": "${b7688d5d-55f6-4f9c-ac4c-4d2281f3e9d6.ticket_group_name}",
          "sectionItemKey": "041acfcc-4510-43a8-8ac2-505db205da53"
        },
        {
          "inputPort": "input",
          "mapping": "${b7688d5d-55f6-4f9c-ac4c-4d2281f3e9d6.ticket_public_url}",
          "sectionItemKey": "73dccc9d-0fbe-475d-97df-4994c86db7b6"
        },
        {
          "inputPort": "input",
          "mapping": "${b7688d5d-55f6-4f9c-ac4c-4d2281f3e9d6.ticket_type}",
          "sectionItemKey": "54f6fc16-6b10-4675-b903-febfd8c1b9d1"
        }
      ]
    }
  ],
  "edges": [
    {
      "fromBlock": "833718c7-3a33-4fd3-8010-d8150a6cda45",
      "fromPort": "58921b0d-2d12-4f64-9f7e-2182d7e63707",
      "toBlock": "9f5b81cc-0d5d-4f69-8b5b-3247625297f4",
      "toPort": "input"
    },
    {
      "fromBlock": "87d1ce0d-46a1-4dcb-861b-19805b6349bd",
      "fromPort": "output",
      "toBlock": "cfa0224d-fdb3-4506-92e9-e876d01f1111",
      "toPort": "input"
    },
    {
      "fromBlock": "a207ead6-58a6-46ca-a87e-471d32a23862",
      "fromPort": "output",
      "toBlock": "ddcdc2e4-cf7d-4dae-8f0e-e2a881154449",
      "toPort": "input"
    },
    {
      "fromBlock": "b7688d5d-55f6-4f9c-ac4c-4d2281f3e9d6",
      "fromPort": "output",
      "toBlock": "71018ed8-3734-4287-9743-ca3e3d4779e8",
      "toPort": "input"
    },
    {
      "fromBlock": "cfa0224d-fdb3-4506-92e9-e876d01f1111",
      "fromPort": "output",
      "toBlock": "872b5478-0089-4ff2-a100-28b263deab00",
      "toPort": "input"
    },
    {
      "fromBlock": "cfa0224d-fdb3-4506-92e9-e876d01f1111",
      "fromPort": "1833ee54-6cf5-4fb6-8a06-39e749c6c54b",
      "toBlock": "beb0e8e3-43f3-4b87-8cfa-5a9afecf4c74",
      "toPort": "input"
    },
    {
      "fromBlock": "dce954c9-1a04-489f-a1cf-1ad5e71bffe9",
      "fromPort": "output",
      "toBlock": "615adc52-35a6-4351-89bf-6a1d9441cc8b",
      "toPort": "input"
    },
    {
      "fromBlock": "ddfdfa90-4ada-4935-86f2-934a5672bcd6",
      "fromPort": "output",
      "toBlock": "833718c7-3a33-4fd3-8010-d8150a6cda45",
      "toPort": "input"
    },
    {
      "fromBlock": "24cfdc06-8226-4531-9e3e-28e1b1902799",
      "fromPort": "output",
      "toBlock": "6d895423-1873-400e-a1a5-37c4c5bfca4c",
      "toPort": "input"
    },
    {
      "fromBlock": "3a12b2e3-b972-4faa-9acb-837c6b44af81",
      "fromPort": "output",
      "toBlock": "0bfa00df-ca7b-4dd5-8c19-d68d4e8f0f22",
      "toPort": "input"
    },
    {
      "fromBlock": "50774cfb-6bb5-473d-a5ed-a90335983c90",
      "fromPort": "output",
      "toBlock": "a207ead6-58a6-46ca-a87e-471d32a23862",
      "toPort": "input"
    }
  ]
}