{
  "name": "Freshservice - Engage with xMatters",
  "form": "66eea685-a416-4db5-a6ec-db62a7c68b88",
  "blocks": [
    {
      "id": "e3b6eeaa-b346-46ea-ba58-00b85c45c2a6",
      "label": "Acknowledge",
      "environment": "HOSTED",
      "presentation": "{}",
      "step": "df757f38-5f6e-4c5a-b2af-aed367260917",
      "stepType": "INTEGRATION"
    },
    {
      "id": "be667c3e-cd63-4b3c-8b8f-206f11fca405",
      "label": "Escalate",
      "environment": "HOSTED",
      "presentation": "{}",
      "step": "07840048-1c64-4c64-925a-54920a62ad74",
      "stepType": "INTEGRATION"
    },
    {
      "id": "92e810c0-6c56-4e05-87e5-df09c5d7fbfe",
      "endpoint": "FreshService",
      "label": "FreshService - Create Note",
      "environment": "HOSTED",
      "presentation": "{\"w\":60,\"x\":137,\"h\":60,\"y\":173}",
      "step": "39727dfc-08f3-4c8e-8e8d-e67264d4d7d8",
      "stepType": "SCRIPT_STEP",
      "inputMappings": [
        {
          "inputPort": "input",
          "mapping": "${event.properties.ticket_id}",
          "stepInput": "fdc07f15-b398-48ee-ad8c-9f5f2f44b817"
        },
        {
          "inputPort": "input",
          "mapping": "${triggerOutputANNOTATION.annotation.author.targetName} made a comment to their ${triggerOutputANNOTATION.annotation.response.response} response: ${triggerOutputANNOTATION.annotation.comment}",
          "stepInput": "b4a5915d-1972-4071-bd63-e36fa206d59a"
        },
        {
          "inputPort": "input",
          "mapping": "true",
          "stepInput": "66930782-5aef-4257-87a3-69e65ddc4b1c"
        }
      ]
    },
    {
      "id": "9cc23b2b-e320-4098-9374-d19c2485a156",
      "endpoint": "FreshService",
      "label": "FreshService - Create Note",
      "environment": "HOSTED",
      "presentation": "{\"w\":60,\"x\":608,\"h\":60,\"y\":-174}",
      "step": "39727dfc-08f3-4c8e-8e8d-e67264d4d7d8",
      "stepType": "SCRIPT_STEP",
      "inputMappings": [
        {
          "inputPort": "input",
          "mapping": "${event.properties.ticket_id}",
          "stepInput": "fdc07f15-b398-48ee-ad8c-9f5f2f44b817"
        },
        {
          "inputPort": "input",
          "mapping": "<strong>${triggerOutputRESPONSE.respondedTo.by.targetName}</strong> said they will be joining soon.",
          "stepInput": "b4a5915d-1972-4071-bd63-e36fa206d59a"
        },
        {
          "inputPort": "input",
          "mapping": "true",
          "stepInput": "66930782-5aef-4257-87a3-69e65ddc4b1c"
        }
      ]
    },
    {
      "id": "f6278369-d228-4df2-ab1e-6f02658eb83a",
      "endpoint": "FreshService",
      "label": "FreshService - Create Note",
      "environment": "HOSTED",
      "presentation": "{\"w\":60,\"x\":235,\"h\":60,\"y\":-135}",
      "step": "39727dfc-08f3-4c8e-8e8d-e67264d4d7d8",
      "stepType": "SCRIPT_STEP",
      "inputMappings": [
        {
          "inputPort": "input",
          "mapping": "${4dc3923b-58a8-468f-8cc7-8f86f515466c.ticket_id}",
          "stepInput": "fdc07f15-b398-48ee-ad8c-9f5f2f44b817"
        },
        {
          "inputPort": "input",
          "mapping": "<strong>${4dc3923b-58a8-468f-8cc7-8f86f515466c.ticket_tags}</strong> group(s) were engaged to help resolve this incident",
          "stepInput": "b4a5915d-1972-4071-bd63-e36fa206d59a"
        },
        {
          "inputPort": "input",
          "mapping": "true",
          "stepInput": "66930782-5aef-4257-87a3-69e65ddc4b1c"
        }
      ]
    },
    {
      "id": "cbe09767-00ec-4392-a13c-61e7a248b578",
      "label": "Freshservice - Engage with xMatters - Event Comments",
      "environment": "HOSTED",
      "presentation": "{\"w\":60,\"x\":-2,\"h\":60,\"y\":169}",
      "step": "73d4103b-9c31-4130-b643-e46a2bcb681c",
      "stepType": "INTEGRATION"
    },
    {
      "id": "4dc3923b-58a8-468f-8cc7-8f86f515466c",
      "label": "Freshservice - Engage with xMatters - Freshservice inbound",
      "environment": "HOSTED",
      "presentation": "{\"w\":60,\"x\":-146,\"h\":60,\"y\":-131}",
      "step": "becf5e76-afe2-4a07-9638-9ea578af13fe",
      "stepType": "INTEGRATION"
    },
    {
      "id": "6627ab92-5c43-4c01-9cf3-e047819deb6e",
      "label": "Responses",
      "environment": "HOSTED",
      "presentation": "{\"w\":100,\"x\":428,\"h\":50,\"y\":-332}",
      "stepType": "RESPONSES"
    },
    {
      "id": "4338ac63-f099-4180-b609-2b08eebc2dc7",
      "label": "xMatters Create Event - Freshservice - Engage with xMatters",
      "environment": "HOSTED",
      "presentation": "{\"w\":60,\"x\":52,\"h\":60,\"y\":-132}",
      "step": "66eea685-a416-4db5-a6ec-db62a7c68b88",
      "stepType": "CREATE_EVENT",
      "inputMappings": [
        {
          "inputPort": "input",
          "mapping": "${4dc3923b-58a8-468f-8cc7-8f86f515466c.ticket_subject}",
          "sectionItemKey": "0f1b0c61-19b2-4cf4-ae24-311ffe9ac96e"
        },
        {
          "inputPort": "input",
          "mapping": "${4dc3923b-58a8-468f-8cc7-8f86f515466c.ticket.created.at}",
          "sectionItemKey": "3fd26882-2c78-4cca-9181-4ed9731fc878"
        },
        {
          "inputPort": "input",
          "mapping": "${4dc3923b-58a8-468f-8cc7-8f86f515466c.ticket.agent.name}",
          "sectionItemKey": "4646ce45-0994-46e5-b8c6-c95cb663a190"
        },
        {
          "inputPort": "input",
          "mapping": "${4dc3923b-58a8-468f-8cc7-8f86f515466c.ticket_url}",
          "sectionItemKey": "8b233e0d-df58-4de9-bf19-e6211cde52c9"
        },
        {
          "inputPort": "input",
          "mapping": "${4dc3923b-58a8-468f-8cc7-8f86f515466c.ticket_impact}",
          "sectionItemKey": "1ff958c3-40fd-43e1-8c5e-3e3a870bab5e"
        },
        {
          "inputPort": "input",
          "mapping": "${4dc3923b-58a8-468f-8cc7-8f86f515466c.ticket_status}",
          "sectionItemKey": "e8cd61b2-7653-4599-b5ae-bc09856fa929"
        },
        {
          "inputPort": "input",
          "mapping": "${4dc3923b-58a8-468f-8cc7-8f86f515466c.ticket_urgency}",
          "sectionItemKey": "2478391f-bea3-4e7b-aa89-0f6e19500f8a"
        },
        {
          "inputPort": "input",
          "mapping": "${4dc3923b-58a8-468f-8cc7-8f86f515466c.ticket_group_name}",
          "sectionItemKey": "2078e2a3-b8ac-4db2-aa28-b8dd5b70d67e"
        },
        {
          "inputPort": "input",
          "mapping": "${4dc3923b-58a8-468f-8cc7-8f86f515466c.ticket_priority}",
          "sectionItemKey": "391326d8-99cb-4d5a-9ba8-7cf2ab41978f"
        },
        {
          "inputPort": "input",
          "mapping": "${4dc3923b-58a8-468f-8cc7-8f86f515466c.ticket_type}",
          "sectionItemKey": "3cec9cf5-764a-4b66-8b6b-10a31470de47"
        },
        {
          "inputPort": "input",
          "mapping": "${4dc3923b-58a8-468f-8cc7-8f86f515466c.ticket_tags}",
          "sectionItemKey": "recipients"
        },
        {
          "inputPort": "input",
          "mapping": "${4dc3923b-58a8-468f-8cc7-8f86f515466c.ticket_id}",
          "sectionItemKey": "3885f588-2ceb-4257-b616-bf8a389b55f0"
        }
      ]
    }
  ],
  "edges": [
    {
      "fromBlock": "cbe09767-00ec-4392-a13c-61e7a248b578",
      "fromPort": "output",
      "toBlock": "92e810c0-6c56-4e05-87e5-df09c5d7fbfe",
      "toPort": "input"
    },
    {
      "fromBlock": "e3b6eeaa-b346-46ea-ba58-00b85c45c2a6",
      "fromPort": "output",
      "toBlock": "9cc23b2b-e320-4098-9374-d19c2485a156",
      "toPort": "input"
    },
    {
      "fromBlock": "4338ac63-f099-4180-b609-2b08eebc2dc7",
      "fromPort": "output",
      "toBlock": "f6278369-d228-4df2-ab1e-6f02658eb83a",
      "toPort": "input"
    },
    {
      "fromBlock": "4dc3923b-58a8-468f-8cc7-8f86f515466c",
      "fromPort": "output",
      "toBlock": "4338ac63-f099-4180-b609-2b08eebc2dc7",
      "toPort": "input"
    }
  ]
}