{
  "name": "Freshservice - Inform with xMatters",
  "form": "2e17297a-edd8-4c46-8d57-e45bce5350cd",
  "blocks": [
    {
      "id": "983b03e8-ce6a-4028-9717-d5a983679bb9",
      "label": "Freshservice - Inform with xMatters - Freshservice inbound",
      "environment": "HOSTED",
      "presentation": "{\"w\":60,\"x\":-49,\"h\":60,\"y\":-134}",
      "step": "52499a6a-17b1-4e89-aff4-b80e898990c2",
      "stepType": "INTEGRATION"
    },
    {
      "id": "a8e9d701-ac16-4790-9215-206e0c8e6537",
      "endpoint": "FreshService",
      "label": "Freshservice - Parse Note",
      "environment": "HOSTED",
      "presentation": "{\"w\":60,\"x\":103,\"h\":60,\"y\":-134}",
      "step": "25f2b6bd-79cc-4dc8-92cc-cd4b66d8d9ad",
      "stepType": "SCRIPT_STEP",
      "inputMappings": [
        {
          "inputPort": "input",
          "mapping": "${983b03e8-ce6a-4028-9717-d5a983679bb9.ticket_latest_public_comment}",
          "stepInput": "e6f032dc-211c-47fb-86fa-81a29114c0ad"
        }
      ]
    },
    {
      "id": "02777cbc-ef8e-46e9-b0bd-e095e758426b",
      "label": "Inform with xMatters Event",
      "environment": "HOSTED",
      "presentation": "{\"w\":60,\"x\":277,\"h\":60,\"y\":-134}",
      "step": "2e17297a-edd8-4c46-8d57-e45bce5350cd",
      "stepType": "CREATE_EVENT",
      "inputMappings": [
        {
          "inputPort": "input",
          "mapping": "${983b03e8-ce6a-4028-9717-d5a983679bb9.ticket_requester_name}",
          "sectionItemKey": "5e6247da-bd8e-40d6-858a-ec562acd1f0d"
        },
        {
          "inputPort": "input",
          "mapping": "${983b03e8-ce6a-4028-9717-d5a983679bb9.ticket_group_name}",
          "sectionItemKey": "041acfcc-4510-43a8-8ac2-505db205da53"
        },
        {
          "inputPort": "input",
          "mapping": "${983b03e8-ce6a-4028-9717-d5a983679bb9.current_date_and_time}",
          "sectionItemKey": "79b4437d-f412-4be8-9b4d-fef5900c3867"
        },
        {
          "inputPort": "input",
          "mapping": "${983b03e8-ce6a-4028-9717-d5a983679bb9.ticket_tags}",
          "sectionItemKey": "6d830fdd-4083-4ce2-baa8-f23781098442"
        },
        {
          "inputPort": "input",
          "mapping": "${983b03e8-ce6a-4028-9717-d5a983679bb9.ticket_category}",
          "sectionItemKey": "2397827b-53f0-4771-b3f0-4ee3ac554cda"
        },
        {
          "inputPort": "input",
          "mapping": "${983b03e8-ce6a-4028-9717-d5a983679bb9.ticket.created.at}",
          "sectionItemKey": "8350cb42-69b8-4fd5-a339-80c5a858bacf"
        },
        {
          "inputPort": "input",
          "mapping": "${983b03e8-ce6a-4028-9717-d5a983679bb9.ticket_url}",
          "sectionItemKey": "679d3f48-ac7e-446d-9975-8a61c4c10de5"
        },
        {
          "inputPort": "input",
          "mapping": "${983b03e8-ce6a-4028-9717-d5a983679bb9.ticket_description}",
          "sectionItemKey": "19939db8-5ff6-4e18-9522-9a040932a046"
        },
        {
          "inputPort": "input",
          "mapping": "${983b03e8-ce6a-4028-9717-d5a983679bb9.ticket_urgency}",
          "sectionItemKey": "c269418a-d89f-4e8a-863d-74a3eaa1078b"
        },
        {
          "inputPort": "input",
          "mapping": "${983b03e8-ce6a-4028-9717-d5a983679bb9.ticket_subject}",
          "sectionItemKey": "bdad52e1-06a0-454f-9d1f-fdd36483e95c"
        },
        {
          "inputPort": "input",
          "mapping": "${a8e9d701-ac16-4790-9215-206e0c8e6537.agent_commenter} made a public comment: ${a8e9d701-ac16-4790-9215-206e0c8e6537.note}",
          "sectionItemKey": "8916ccc8-5700-4273-a0f9-64679b264bb1"
        },
        {
          "inputPort": "input",
          "mapping": "${983b03e8-ce6a-4028-9717-d5a983679bb9.ticket_public_url}",
          "sectionItemKey": "73dccc9d-0fbe-475d-97df-4994c86db7b6"
        },
        {
          "inputPort": "input",
          "mapping": "${983b03e8-ce6a-4028-9717-d5a983679bb9.ticket_impact}",
          "sectionItemKey": "2697b082-e60c-4c05-a3be-040ee432041d"
        },
        {
          "inputPort": "input",
          "mapping": "${983b03e8-ce6a-4028-9717-d5a983679bb9.ticket_id}",
          "sectionItemKey": "80679d0d-5185-420e-bbeb-7f1255a6582b"
        },
        {
          "inputPort": "input",
          "mapping": "${983b03e8-ce6a-4028-9717-d5a983679bb9.ticket_type}",
          "sectionItemKey": "54f6fc16-6b10-4675-b903-febfd8c1b9d1"
        },
        {
          "inputPort": "input",
          "mapping": "${983b03e8-ce6a-4028-9717-d5a983679bb9.ticket_priority}",
          "sectionItemKey": "54a6d8fb-dfd9-4728-ad10-735f6fc19b5c"
        }
      ]
    }
  ],
  "edges": [
    {
      "fromBlock": "983b03e8-ce6a-4028-9717-d5a983679bb9",
      "fromPort": "output",
      "toBlock": "a8e9d701-ac16-4790-9215-206e0c8e6537",
      "toPort": "input"
    },
    {
      "fromBlock": "a8e9d701-ac16-4790-9215-206e0c8e6537",
      "fromPort": "output",
      "toBlock": "02777cbc-ef8e-46e9-b0bd-e095e758426b",
      "toPort": "input"
    }
  ]
}