{
  "name": "Freshservice alert",
  "form": "56a544dd-ff7b-44a9-bd75-64380f76cba3",
  "blocks": [
    {
      "id": "4294ecf8-829d-43b5-ab65-838dcac44370",
      "label": "Acknowledge",
      "environment": "HOSTED",
      "presentation": "{}",
      "step": "277b6242-cd06-4610-944d-301eae2aa09a",
      "stepType": "INTEGRATION"
    },
    {
      "id": "4df7d283-c667-4b46-b267-e0acf208ace8",
      "endpoint": "FreshService",
      "label": "Add Comment - Manual Escalation",
      "environment": "HOSTED",
      "presentation": "{\"w\":60,\"x\":340,\"h\":60,\"y\":1547}",
      "step": "8bd85202-e479-4994-93f3-3193276ed180",
      "stepType": "SCRIPT_STEP",
      "inputMappings": [
        {
          "inputPort": "input",
          "mapping": "${event.properties.ticket_id}",
          "stepInput": "234c6a90-a8a8-430c-9fb3-ef61af732e10"
        },
        {
          "inputPort": "input",
          "mapping": "The current targeted recipient escalated xMatters event ${event.id}. Now notifying the next recipient in ${event.targetedRecipients}.",
          "stepInput": "8296e883-e11f-4134-9a97-4e098f8fb020"
        },
        {
          "inputPort": "input",
          "mapping": "true",
          "stepInput": "c7cdcad3-31f5-42ec-88ac-7f4ea5f42eef"
        }
      ]
    },
    {
      "id": "de4e517f-b07e-4575-8c8b-eac5b835d5a4",
      "endpoint": "FreshService",
      "label": "Add Comment - Timeout Escalation",
      "environment": "HOSTED",
      "presentation": "{\"w\":60,\"x\":340,\"h\":60,\"y\":1717}",
      "step": "8bd85202-e479-4994-93f3-3193276ed180",
      "stepType": "SCRIPT_STEP",
      "inputMappings": [
        {
          "inputPort": "input",
          "mapping": "${event.properties.ticket_id}",
          "stepInput": "234c6a90-a8a8-430c-9fb3-ef61af732e10"
        },
        {
          "inputPort": "input",
          "mapping": "The current targeted recipient did not respond to xMatters event ${event.id}. Now notifying the next recipient in ${event.targetedRecipients}.",
          "stepInput": "8296e883-e11f-4134-9a97-4e098f8fb020"
        },
        {
          "inputPort": "input",
          "mapping": "true",
          "stepInput": "c7cdcad3-31f5-42ec-88ac-7f4ea5f42eef"
        }
      ]
    },
    {
      "id": "87bbbe27-0205-4c1c-b8a8-45186d3e95df",
      "endpoint": "FreshService",
      "label": "Create FreshService Comment",
      "environment": "HOSTED",
      "presentation": "{\"w\":60,\"x\":297,\"h\":60,\"y\":328}",
      "step": "8bd85202-e479-4994-93f3-3193276ed180",
      "stepType": "SCRIPT_STEP",
      "inputMappings": [
        {
          "inputPort": "input",
          "mapping": "${event.properties.ticket_id}",
          "stepInput": "234c6a90-a8a8-430c-9fb3-ef61af732e10"
        },
        {
          "inputPort": "input",
          "mapping": "<strong>${triggerOutputRESPONSE.respondedTo.by.targetName}</strong> responded with ${triggerOutputRESPONSE.response.response}",
          "stepInput": "8296e883-e11f-4134-9a97-4e098f8fb020"
        },
        {
          "inputPort": "input",
          "mapping": "true",
          "stepInput": "c7cdcad3-31f5-42ec-88ac-7f4ea5f42eef"
        }
      ]
    },
    {
      "id": "ea4ec8b3-249a-409b-ba77-ba71072d579b",
      "endpoint": "FreshService",
      "label": "Create FreshService Comment",
      "environment": "HOSTED",
      "presentation": "{\"w\":60,\"x\":170,\"h\":60,\"y\":1313}",
      "step": "8bd85202-e479-4994-93f3-3193276ed180",
      "stepType": "SCRIPT_STEP",
      "inputMappings": [
        {
          "inputPort": "input",
          "mapping": "${event.properties.ticket_id}",
          "stepInput": "234c6a90-a8a8-430c-9fb3-ef61af732e10"
        },
        {
          "inputPort": "input",
          "mapping": "<strong>${triggerOutputDELIVERYSTATUS.notification.recipient.owner.targetName}</strong> was notified on their ${triggerOutputDELIVERYSTATUS.notification.recipient.name} device",
          "stepInput": "8296e883-e11f-4134-9a97-4e098f8fb020"
        },
        {
          "inputPort": "input",
          "mapping": "true",
          "stepInput": "c7cdcad3-31f5-42ec-88ac-7f4ea5f42eef"
        }
      ]
    },
    {
      "id": "9304e2fd-2208-4036-94a7-5f10b922be46",
      "label": "Escalate",
      "environment": "HOSTED",
      "presentation": "{}",
      "step": "e13ea3ea-b856-4a5d-bbb9-a580a1632e96",
      "stepType": "INTEGRATION"
    },
    {
      "id": "92d5b625-9c65-43fb-9659-75cbae22a884",
      "label": "Escalation Switch",
      "environment": "HOSTED",
      "presentation": "{\"w\":60,\"x\":170,\"h\":60,\"y\":1483}",
      "stepType": "SWITCH",
      "inputMappings": [
        {
          "inputPort": "input",
          "mapping": "${triggerOutputESCALATION.escalation.reason}"
        }
      ],
      "switchCases": [
        {
          "caseId": "fed8ffde-64da-49c6-8553-99e4a44c94a8",
          "caseValue": "ACTIVE"
        }
      ]
    },
    {
      "id": "27bb23c9-a526-425b-994e-4024a4628427",
      "endpoint": "FreshService",
      "label": "FreshService - Update Ticket",
      "environment": "HOSTED",
      "presentation": "{\"w\":60,\"x\":151,\"h\":60,\"y\":326}",
      "step": "ac7c1dfb-c4e0-4d66-b708-537479de8440",
      "stepType": "SCRIPT_STEP",
      "inputMappings": [
        {
          "inputPort": "input",
          "mapping": "${event.properties.ticket_id}",
          "stepInput": "48b57cdc-41c4-45a4-804b-4695c0799aab"
        },
        {
          "inputPort": "input",
          "mapping": "${triggerOutputRESPONSE.respondedTo.by.targetName}@xmatters.com",
          "stepInput": "86302355-eb49-4e90-9d1f-11c6255fe62a"
        },
        {
          "inputPort": "input",
          "mapping": "3",
          "stepInput": "080c1f9a-188b-4076-8f5e-7e3ba84e00be"
        },
        {
          "inputPort": "input",
          "mapping": "${event.properties.ticket_subject}",
          "stepInput": "032af595-5a65-49da-abeb-3eaba70f840c"
        },
        {
          "inputPort": "input",
          "mapping": "${event.properties.ticket_description}",
          "stepInput": "b24c7a7c-1806-483e-93b8-5ad8b5e15ef8"
        },
        {
          "inputPort": "input",
          "mapping": "${event.properties.ticket_priority}",
          "stepInput": "7108066d-36e3-4f0a-a785-b99295e71683"
        },
        {
          "inputPort": "input",
          "mapping": "${event.properties.ticket_urgency}",
          "stepInput": "c6e9c2e0-f52f-4317-bbec-3e43e2e48edc"
        },
        {
          "inputPort": "input",
          "mapping": "${event.properties.ticket_impact}",
          "stepInput": "e1822d43-30c9-4e8a-94ba-1591af856bb4"
        }
      ]
    },
    {
      "id": "6580bc91-a0da-4458-890f-2c5e16749c31",
      "endpoint": "FreshService",
      "label": "FreshService - Update Ticket",
      "environment": "HOSTED",
      "presentation": "{\"w\":60,\"x\":140,\"h\":60,\"y\":635}",
      "step": "ac7c1dfb-c4e0-4d66-b708-537479de8440",
      "stepType": "SCRIPT_STEP",
      "inputMappings": [
        {
          "inputPort": "input",
          "mapping": "${event.properties.ticket_id}",
          "stepInput": "48b57cdc-41c4-45a4-804b-4695c0799aab"
        },
        {
          "inputPort": "input",
          "mapping": "${triggerOutputRESPONSE.respondedTo.by.targetName}@xmatters.com",
          "stepInput": "86302355-eb49-4e90-9d1f-11c6255fe62a"
        },
        {
          "inputPort": "input",
          "mapping": "4",
          "stepInput": "080c1f9a-188b-4076-8f5e-7e3ba84e00be"
        },
        {
          "inputPort": "input",
          "mapping": "${event.properties.ticket_subject}",
          "stepInput": "032af595-5a65-49da-abeb-3eaba70f840c"
        },
        {
          "inputPort": "input",
          "mapping": "${event.properties.ticket_description}",
          "stepInput": "b24c7a7c-1806-483e-93b8-5ad8b5e15ef8"
        },
        {
          "inputPort": "input",
          "mapping": "${event.properties.ticket_priority}",
          "stepInput": "7108066d-36e3-4f0a-a785-b99295e71683"
        },
        {
          "inputPort": "input",
          "mapping": "${event.properties.ticket_urgency}",
          "stepInput": "c6e9c2e0-f52f-4317-bbec-3e43e2e48edc"
        },
        {
          "inputPort": "input",
          "mapping": "${event.properties.ticket_impact}",
          "stepInput": "e1822d43-30c9-4e8a-94ba-1591af856bb4"
        }
      ]
    },
    {
      "id": "3ee2950f-276e-40c3-b489-cad01c075b4b",
      "endpoint": "FreshService",
      "label": "FreshService Create Comment",
      "environment": "HOSTED",
      "presentation": "{\"w\":60,\"x\":170,\"h\":60,\"y\":1951}",
      "step": "8bd85202-e479-4994-93f3-3193276ed180",
      "stepType": "SCRIPT_STEP",
      "inputMappings": [
        {
          "inputPort": "input",
          "mapping": "${event.properties.ticket_id}",
          "stepInput": "234c6a90-a8a8-430c-9fb3-ef61af732e10"
        },
        {
          "inputPort": "input",
          "mapping": "<strong>${triggerOutputANNOTATION.annotation.author.targetName}</strong> made a comment on their ${triggerOutputANNOTATION.annotation.response.response} response: <strong>${triggerOutputANNOTATION.annotation.comment}</strong>",
          "stepInput": "8296e883-e11f-4134-9a97-4e098f8fb020"
        },
        {
          "inputPort": "input",
          "mapping": "true",
          "stepInput": "c7cdcad3-31f5-42ec-88ac-7f4ea5f42eef"
        }
      ]
    },
    {
      "id": "4e15b915-961a-459f-bb7c-19bbc88fbc90",
      "endpoint": "FreshService",
      "label": "FreshService Create Comment",
      "environment": "HOSTED",
      "presentation": "{\"w\":60,\"x\":340,\"h\":60,\"y\":994}",
      "step": "8bd85202-e479-4994-93f3-3193276ed180",
      "stepType": "SCRIPT_STEP",
      "inputMappings": [
        {
          "inputPort": "input",
          "mapping": "${event.properties.ticket_id}",
          "stepInput": "234c6a90-a8a8-430c-9fb3-ef61af732e10"
        },
        {
          "inputPort": "input",
          "mapping": "A new event was created in xMatters: event ID ${event.id}",
          "stepInput": "8296e883-e11f-4134-9a97-4e098f8fb020"
        },
        {
          "inputPort": "input",
          "mapping": "true",
          "stepInput": "c7cdcad3-31f5-42ec-88ac-7f4ea5f42eef"
        }
      ]
    },
    {
      "id": "f512cf4f-24ad-4ba8-8d91-cb84fbc090f7",
      "label": "Freshservice - Assignment Alert - Freshservice inbound",
      "environment": "HOSTED",
      "presentation": "{\"w\":60,\"x\":0,\"h\":60,\"y\":0}",
      "step": "16afe674-0c35-455b-a83d-81c6da28c0b4",
      "stepType": "INTEGRATION"
    },
    {
      "id": "a2eef4bd-b6ac-41d6-a35b-9f5f795ab592",
      "label": "Freshservice Assignment Alert - Escalations",
      "environment": "HOSTED",
      "presentation": "{\"w\":60,\"x\":0,\"h\":60,\"y\":1632}",
      "step": "d3a2080b-60f9-4126-b696-61e4dd8d11a3",
      "stepType": "INTEGRATION"
    },
    {
      "id": "eef5090f-8d2b-4cfd-90e1-8aebef3719ab",
      "label": "Freshservice Assignment Alert - Event Comments",
      "environment": "HOSTED",
      "presentation": "{\"w\":60,\"x\":0,\"h\":60,\"y\":1951}",
      "step": "ffb04c2d-8e92-446e-9b59-1843a8fa20d3",
      "stepType": "INTEGRATION"
    },
    {
      "id": "f2f135cb-4343-46c7-a7f6-2d254248bc24",
      "label": "Freshservice Assignment Alert - Event Status Updates",
      "environment": "HOSTED",
      "presentation": "{\"w\":60,\"x\":0,\"h\":60,\"y\":994}",
      "step": "ccfd7167-010c-4e82-8711-525f48e5922f",
      "stepType": "INTEGRATION"
    },
    {
      "id": "b410d001-2988-406c-8b1b-e77a041109e7",
      "label": "Freshservice alert - Device Delivery Updates",
      "environment": "HOSTED",
      "presentation": "{\"w\":60,\"x\":0,\"h\":60,\"y\":1313}",
      "step": "36eba662-90a0-4dd5-9586-9c856b21896b",
      "stepType": "INTEGRATION"
    },
    {
      "id": "50018985-f9b0-433d-8b54-47f036fc4d55",
      "label": "Resolve",
      "environment": "HOSTED",
      "presentation": "{}",
      "step": "def9320c-a18c-42a9-92c5-1d6477587f9b",
      "stepType": "INTEGRATION"
    },
    {
      "id": "a6293067-729a-433c-afa9-5c7302efcb2d",
      "label": "Responses",
      "environment": "HOSTED",
      "presentation": "{\"w\":100,\"x\":0,\"h\":50,\"y\":170}",
      "stepType": "RESPONSES"
    },
    {
      "id": "f684d1a9-bee8-426b-92d8-c1354b560725",
      "label": "Switch",
      "environment": "HOSTED",
      "presentation": "{\"w\":60,\"x\":170,\"h\":60,\"y\":845}",
      "stepType": "SWITCH",
      "inputMappings": [
        {
          "inputPort": "input",
          "mapping": "${triggerOutputSTATUS.statusChanged.auditType}"
        }
      ],
      "switchCases": [
        {
          "caseId": "b3279339-dd31-4e7b-a91f-72adc27e4887",
          "caseValue": "EVENT_CREATED"
        }
      ]
    },
    {
      "id": "0ddfd20d-a9f2-4b01-9463-a36b7107a7c7",
      "label": "xMatters Create Event - Freshservice alert",
      "environment": "HOSTED",
      "presentation": "{\"w\":60,\"x\":170,\"h\":60,\"y\":0}",
      "step": "56a544dd-ff7b-44a9-bd75-64380f76cba3",
      "stepType": "CREATE_EVENT",
      "inputMappings": [
        {
          "inputPort": "input",
          "mapping": "${f512cf4f-24ad-4ba8-8d91-cb84fbc090f7.ticket_status}",
          "sectionItemKey": "a5905aea-871a-4c88-a7f1-ab573ed4c8a0"
        },
        {
          "inputPort": "input",
          "mapping": "${f512cf4f-24ad-4ba8-8d91-cb84fbc090f7.ticket_type}",
          "sectionItemKey": "9ab9e1de-8ba8-43f3-ae2e-169456f4c592"
        },
        {
          "inputPort": "input",
          "mapping": "${f512cf4f-24ad-4ba8-8d91-cb84fbc090f7.current_date_and_time}",
          "sectionItemKey": "8b92cba3-eed5-47d6-94e4-a281a89a0c72"
        },
        {
          "inputPort": "input",
          "mapping": "${f512cf4f-24ad-4ba8-8d91-cb84fbc090f7.ticket_category}",
          "sectionItemKey": "f399c4a3-c065-48d0-bab8-8593c3e70191"
        },
        {
          "inputPort": "input",
          "mapping": "${f512cf4f-24ad-4ba8-8d91-cb84fbc090f7.ticket_tags}",
          "sectionItemKey": "e6e90daa-ac99-4901-a22c-e856590f50d1"
        },
        {
          "inputPort": "input",
          "mapping": "${f512cf4f-24ad-4ba8-8d91-cb84fbc090f7.ticket_url}",
          "sectionItemKey": "3735686a-aab4-4e6d-a916-a5b892e3d62c"
        },
        {
          "inputPort": "input",
          "mapping": "${f512cf4f-24ad-4ba8-8d91-cb84fbc090f7.ticket_group_name}",
          "sectionItemKey": "ae188e3a-e3aa-4e28-b066-4e5c8b2507c7"
        },
        {
          "inputPort": "input",
          "mapping": "${f512cf4f-24ad-4ba8-8d91-cb84fbc090f7.ticket_description}",
          "sectionItemKey": "9b84c410-a8cb-4d80-ad20-d27b67d6966d"
        },
        {
          "inputPort": "input",
          "mapping": "${f512cf4f-24ad-4ba8-8d91-cb84fbc090f7.ticket_id}",
          "sectionItemKey": "36fd9dfc-8a3d-4c1d-9e7e-c1706eb4f4df"
        },
        {
          "inputPort": "input",
          "mapping": "${f512cf4f-24ad-4ba8-8d91-cb84fbc090f7.ticket_priority}",
          "sectionItemKey": "3d68ef82-a37b-43d5-aa56-c161a9bef489"
        },
        {
          "inputPort": "input",
          "mapping": "${f512cf4f-24ad-4ba8-8d91-cb84fbc090f7.ticket_requester_name}",
          "sectionItemKey": "af65c1b9-0932-4a71-bf12-41644be294d0"
        },
        {
          "inputPort": "input",
          "mapping": "${f512cf4f-24ad-4ba8-8d91-cb84fbc090f7.ticket_group_name}",
          "sectionItemKey": "recipients"
        },
        {
          "inputPort": "input",
          "mapping": "${f512cf4f-24ad-4ba8-8d91-cb84fbc090f7.ticket_urgency}",
          "sectionItemKey": "2965551d-ae3b-42bf-b778-159df8162640"
        },
        {
          "inputPort": "input",
          "mapping": "${f512cf4f-24ad-4ba8-8d91-cb84fbc090f7.ticket_subject}",
          "sectionItemKey": "a6f62db7-560a-461a-b78a-946cefdc40bc"
        },
        {
          "inputPort": "input",
          "mapping": "${f512cf4f-24ad-4ba8-8d91-cb84fbc090f7.ticket.created.at}",
          "sectionItemKey": "e59b2479-8b7d-407c-8947-3c8f7de30952"
        },
        {
          "inputPort": "input",
          "mapping": "${f512cf4f-24ad-4ba8-8d91-cb84fbc090f7.ticket_impact}",
          "sectionItemKey": "3b18a898-4436-4a31-83c1-8e1dd2455567"
        },
        {
          "inputPort": "input",
          "mapping": "${f512cf4f-24ad-4ba8-8d91-cb84fbc090f7.ticket_public_url}",
          "sectionItemKey": "63db7cff-2486-48c5-9207-e5974db2c4b1"
        }
      ]
    }
  ],
  "edges": [
    {
      "fromBlock": "92d5b625-9c65-43fb-9659-75cbae22a884",
      "fromPort": "output",
      "toBlock": "de4e517f-b07e-4575-8c8b-eac5b835d5a4",
      "toPort": "input"
    },
    {
      "fromBlock": "92d5b625-9c65-43fb-9659-75cbae22a884",
      "fromPort": "fed8ffde-64da-49c6-8553-99e4a44c94a8",
      "toBlock": "4df7d283-c667-4b46-b267-e0acf208ace8",
      "toPort": "input"
    },
    {
      "fromBlock": "a2eef4bd-b6ac-41d6-a35b-9f5f795ab592",
      "fromPort": "output",
      "toBlock": "92d5b625-9c65-43fb-9659-75cbae22a884",
      "toPort": "input"
    },
    {
      "fromBlock": "b410d001-2988-406c-8b1b-e77a041109e7",
      "fromPort": "output",
      "toBlock": "ea4ec8b3-249a-409b-ba77-ba71072d579b",
      "toPort": "input"
    },
    {
      "fromBlock": "eef5090f-8d2b-4cfd-90e1-8aebef3719ab",
      "fromPort": "output",
      "toBlock": "3ee2950f-276e-40c3-b489-cad01c075b4b",
      "toPort": "input"
    },
    {
      "fromBlock": "f2f135cb-4343-46c7-a7f6-2d254248bc24",
      "fromPort": "output",
      "toBlock": "f684d1a9-bee8-426b-92d8-c1354b560725",
      "toPort": "input"
    },
    {
      "fromBlock": "f512cf4f-24ad-4ba8-8d91-cb84fbc090f7",
      "fromPort": "output",
      "toBlock": "0ddfd20d-a9f2-4b01-9463-a36b7107a7c7",
      "toPort": "input"
    },
    {
      "fromBlock": "f684d1a9-bee8-426b-92d8-c1354b560725",
      "fromPort": "b3279339-dd31-4e7b-a91f-72adc27e4887",
      "toBlock": "4e15b915-961a-459f-bb7c-19bbc88fbc90",
      "toPort": "input"
    },
    {
      "fromBlock": "27bb23c9-a526-425b-994e-4024a4628427",
      "fromPort": "output",
      "toBlock": "87bbbe27-0205-4c1c-b8a8-45186d3e95df",
      "toPort": "input"
    },
    {
      "fromBlock": "4294ecf8-829d-43b5-ab65-838dcac44370",
      "fromPort": "output",
      "toBlock": "27bb23c9-a526-425b-994e-4024a4628427",
      "toPort": "input"
    },
    {
      "fromBlock": "50018985-f9b0-433d-8b54-47f036fc4d55",
      "fromPort": "output",
      "toBlock": "6580bc91-a0da-4458-890f-2c5e16749c31",
      "toPort": "input"
    }
  ]
}