[
  {
    "baseType": 3,
    "name": "current_time",
    "defaultValue": "",
    "description": "",
    "helpText": "",
    "isSystem": false,
    "minLength": 0,
    "maxLength": 1000,
    "validationRegex": "",
    "isValidate": false,
    "uuid": "b3663ea0-fac0-4922-a060-10569255fdac"
  },
  {
    "baseType": 3,
    "name": "FYI Update",
    "defaultValue": "",
    "description": "",
    "helpText": "",
    "isSystem": false,
    "minLength": 0,
    "maxLength": 10000,
    "validationRegex": "",
    "isValidate": false,
    "uuid": "ba177365-3358-4e15-970f-88c5ea8b3bea"
  },
  {
    "baseType": 3,
    "name": "invited by",
    "defaultValue": "",
    "description": "",
    "helpText": "",
    "isSystem": false,
    "minLength": 0,
    "maxLength": 1000,
    "validationRegex": "",
    "isValidate": false,
    "uuid": "4646ce45-0994-46e5-b8c6-c95cb663a190"
  },
  {
    "baseType": 3,
    "name": "opened_at",
    "defaultValue": "",
    "description": "",
    "helpText": "",
    "isSystem": false,
    "minLength": 0,
    "maxLength": 1000,
    "validationRegex": "",
    "isValidate": false,
    "uuid": "3fd26882-2c78-4cca-9181-4ed9731fc878"
  },
  {
    "baseType": 3,
    "name": "ticket_category",
    "defaultValue": "",
    "description": "",
    "helpText": "",
    "isSystem": false,
    "minLength": 0,
    "maxLength": 10000,
    "validationRegex": "",
    "isValidate": false,
    "uuid": "17eb4e86-4648-4c68-8c80-9058bba71baf"
  },
  {
    "baseType": 3,
    "name": "ticket_description",
    "defaultValue": "",
    "description": "",
    "helpText": "",
    "isSystem": false,
    "minLength": 0,
    "maxLength": 10000,
    "validationRegex": "",
    "isValidate": false,
    "uuid": "eced0d65-de0c-4705-abef-d820ce9b7a78"
  },
  {
    "baseType": 3,
    "name": "ticket_group_name",
    "defaultValue": "",
    "description": "",
    "helpText": "",
    "isSystem": false,
    "minLength": 0,
    "maxLength": 1000,
    "validationRegex": "",
    "isValidate": false,
    "uuid": "2078e2a3-b8ac-4db2-aa28-b8dd5b70d67e"
  },
  {
    "baseType": 3,
    "name": "ticket_id",
    "defaultValue": "",
    "description": "",
    "helpText": "",
    "isSystem": false,
    "minLength": 0,
    "maxLength": 10000,
    "validationRegex": "",
    "isValidate": false,
    "uuid": "3885f588-2ceb-4257-b616-bf8a389b55f0"
  },
  {
    "baseType": 3,
    "name": "ticket_impact",
    "defaultValue": "",
    "description": "",
    "helpText": "",
    "isSystem": false,
    "minLength": 0,
    "maxLength": 1000,
    "validationRegex": "",
    "isValidate": false,
    "uuid": "1ff958c3-40fd-43e1-8c5e-3e3a870bab5e"
  },
  {
    "baseType": 3,
    "name": "ticket_priority",
    "defaultValue": "",
    "description": "",
    "helpText": "",
    "isSystem": false,
    "minLength": 0,
    "maxLength": 10000,
    "validationRegex": "",
    "isValidate": false,
    "uuid": "391326d8-99cb-4d5a-9ba8-7cf2ab41978f"
  },
  {
    "baseType": 3,
    "name": "ticket_public_url",
    "defaultValue": "",
    "description": "",
    "helpText": "",
    "isSystem": false,
    "minLength": 0,
    "maxLength": 10000,
    "validationRegex": "",
    "isValidate": false,
    "uuid": "5cf0e897-b3e1-4ce1-b32c-fba4126b143d"
  },
  {
    "baseType": 3,
    "name": "ticket_requester_name",
    "defaultValue": "",
    "description": "",
    "helpText": "",
    "isSystem": false,
    "minLength": 0,
    "maxLength": 10000,
    "validationRegex": "",
    "isValidate": false,
    "uuid": "0e94ce5a-1d3c-455d-9f9a-5bd7650e219b"
  },
  {
    "baseType": 3,
    "name": "ticket_status",
    "defaultValue": "",
    "description": "",
    "helpText": "",
    "isSystem": false,
    "minLength": 0,
    "maxLength": 1000,
    "validationRegex": "",
    "isValidate": false,
    "uuid": "e8cd61b2-7653-4599-b5ae-bc09856fa929"
  },
  {
    "baseType": 3,
    "name": "ticket_subject",
    "defaultValue": "",
    "description": "",
    "helpText": "",
    "isSystem": false,
    "minLength": 0,
    "maxLength": 1000,
    "validationRegex": "",
    "isValidate": false,
    "uuid": "0f1b0c61-19b2-4cf4-ae24-311ffe9ac96e"
  },
  {
    "baseType": 3,
    "name": "ticket_tags",
    "defaultValue": "",
    "description": "",
    "helpText": "",
    "isSystem": false,
    "minLength": 0,
    "maxLength": 10000,
    "validationRegex": "",
    "isValidate": false,
    "uuid": "1c948f7f-7ee5-4ecc-af17-06271118021a"
  },
  {
    "baseType": 3,
    "name": "ticket_type",
    "defaultValue": "",
    "description": "",
    "helpText": "",
    "isSystem": false,
    "minLength": 0,
    "maxLength": 10000,
    "validationRegex": "",
    "isValidate": false,
    "uuid": "3cec9cf5-764a-4b66-8b6b-10a31470de47"
  },
  {
    "baseType": 3,
    "name": "ticket_urgency",
    "defaultValue": "",
    "description": "",
    "helpText": "",
    "isSystem": false,
    "minLength": 0,
    "maxLength": 10000,
    "validationRegex": "",
    "isValidate": false,
    "uuid": "2478391f-bea3-4e7b-aa89-0f6e19500f8a"
  },
  {
    "baseType": 3,
    "name": "ticket_url",
    "defaultValue": "",
    "description": "",
    "helpText": "",
    "isSystem": false,
    "minLength": 0,
    "maxLength": 1000,
    "validationRegex": "",
    "isValidate": false,
    "uuid": "8b233e0d-df58-4de9-bf19-e6211cde52c9"
  }
]