[
  {
    "baseType": 3,
    "name": "current_time",
    "defaultValue": "",
    "description": "",
    "helpText": "",
    "isSystem": false,
    "minLength": 0,
    "maxLength": 1000,
    "validationRegex": "",
    "isValidate": false,
    "uuid": "79b4437d-f412-4be8-9b4d-fef5900c3867"
  },
  {
    "baseType": 3,
    "name": "FYI Update",
    "defaultValue": "",
    "description": "",
    "helpText": "",
    "isSystem": false,
    "minLength": 0,
    "maxLength": 10000,
    "validationRegex": "",
    "isValidate": false,
    "uuid": "8916ccc8-5700-4273-a0f9-64679b264bb1"
  },
  {
    "baseType": 3,
    "name": "invited by",
    "defaultValue": "",
    "description": "",
    "helpText": "",
    "isSystem": false,
    "minLength": 0,
    "maxLength": 1000,
    "validationRegex": "",
    "isValidate": false,
    "uuid": "a3582d3c-3eb9-4838-ad45-17e7c1bca640"
  },
  {
    "baseType": 3,
    "name": "opened_at",
    "defaultValue": "",
    "description": "",
    "helpText": "",
    "isSystem": false,
    "minLength": 0,
    "maxLength": 1000,
    "validationRegex": "",
    "isValidate": false,
    "uuid": "8350cb42-69b8-4fd5-a339-80c5a858bacf"
  },
  {
    "baseType": 3,
    "name": "ticket_category",
    "defaultValue": "",
    "description": "",
    "helpText": "",
    "isSystem": false,
    "minLength": 0,
    "maxLength": 10000,
    "validationRegex": "",
    "isValidate": false,
    "uuid": "2397827b-53f0-4771-b3f0-4ee3ac554cda"
  },
  {
    "baseType": 3,
    "name": "ticket_description",
    "defaultValue": "",
    "description": "",
    "helpText": "",
    "isSystem": false,
    "minLength": 0,
    "maxLength": 10000,
    "validationRegex": "",
    "isValidate": false,
    "uuid": "19939db8-5ff6-4e18-9522-9a040932a046"
  },
  {
    "baseType": 3,
    "name": "ticket_group_name",
    "defaultValue": "",
    "description": "",
    "helpText": "",
    "isSystem": false,
    "minLength": 0,
    "maxLength": 1000,
    "validationRegex": "",
    "isValidate": false,
    "uuid": "041acfcc-4510-43a8-8ac2-505db205da53"
  },
  {
    "baseType": 3,
    "name": "ticket_id",
    "defaultValue": "",
    "description": "",
    "helpText": "",
    "isSystem": false,
    "minLength": 0,
    "maxLength": 10000,
    "validationRegex": "",
    "isValidate": false,
    "uuid": "80679d0d-5185-420e-bbeb-7f1255a6582b"
  },
  {
    "baseType": 3,
    "name": "ticket_impact",
    "defaultValue": "",
    "description": "",
    "helpText": "",
    "isSystem": false,
    "minLength": 0,
    "maxLength": 1000,
    "validationRegex": "",
    "isValidate": false,
    "uuid": "2697b082-e60c-4c05-a3be-040ee432041d"
  },
  {
    "baseType": 3,
    "name": "ticket_priority",
    "defaultValue": "",
    "description": "",
    "helpText": "",
    "isSystem": false,
    "minLength": 0,
    "maxLength": 10000,
    "validationRegex": "",
    "isValidate": false,
    "uuid": "54a6d8fb-dfd9-4728-ad10-735f6fc19b5c"
  },
  {
    "baseType": 3,
    "name": "ticket_public_url",
    "defaultValue": "",
    "description": "",
    "helpText": "",
    "isSystem": false,
    "minLength": 0,
    "maxLength": 10000,
    "validationRegex": "",
    "isValidate": false,
    "uuid": "73dccc9d-0fbe-475d-97df-4994c86db7b6"
  },
  {
    "baseType": 3,
    "name": "ticket_requester_name",
    "defaultValue": "",
    "description": "",
    "helpText": "",
    "isSystem": false,
    "minLength": 0,
    "maxLength": 10000,
    "validationRegex": "",
    "isValidate": false,
    "uuid": "5e6247da-bd8e-40d6-858a-ec562acd1f0d"
  },
  {
    "baseType": 3,
    "name": "ticket_status",
    "defaultValue": "",
    "description": "",
    "helpText": "",
    "isSystem": false,
    "minLength": 0,
    "maxLength": 1000,
    "validationRegex": "",
    "isValidate": false,
    "uuid": "a10bfac5-7d74-4fdd-92b8-c423c3588791"
  },
  {
    "baseType": 3,
    "name": "ticket_subject",
    "defaultValue": "",
    "description": "",
    "helpText": "",
    "isSystem": false,
    "minLength": 0,
    "maxLength": 1000,
    "validationRegex": "",
    "isValidate": false,
    "uuid": "bdad52e1-06a0-454f-9d1f-fdd36483e95c"
  },
  {
    "baseType": 3,
    "name": "ticket_tags",
    "defaultValue": "",
    "description": "",
    "helpText": "",
    "isSystem": false,
    "minLength": 0,
    "maxLength": 10000,
    "validationRegex": "",
    "isValidate": false,
    "uuid": "6d830fdd-4083-4ce2-baa8-f23781098442"
  },
  {
    "baseType": 3,
    "name": "ticket_type",
    "defaultValue": "",
    "description": "",
    "helpText": "",
    "isSystem": false,
    "minLength": 0,
    "maxLength": 10000,
    "validationRegex": "",
    "isValidate": false,
    "uuid": "54f6fc16-6b10-4675-b903-febfd8c1b9d1"
  },
  {
    "baseType": 3,
    "name": "ticket_urgency",
    "defaultValue": "",
    "description": "",
    "helpText": "",
    "isSystem": false,
    "minLength": 0,
    "maxLength": 10000,
    "validationRegex": "",
    "isValidate": false,
    "uuid": "c269418a-d89f-4e8a-863d-74a3eaa1078b"
  },
  {
    "baseType": 3,
    "name": "ticket_url",
    "defaultValue": "",
    "description": "",
    "helpText": "",
    "isSystem": false,
    "minLength": 0,
    "maxLength": 1000,
    "validationRegex": "",
    "isValidate": false,
    "uuid": "679d3f48-ac7e-446d-9975-8a61c4c10de5"
  }
]