[
  {
    "baseType": 3,
    "name": "current_time",
    "defaultValue": "",
    "description": "",
    "helpText": "",
    "isSystem": false,
    "minLength": 0,
    "maxLength": 1000,
    "validationRegex": "",
    "isValidate": false,
    "uuid": "8b92cba3-eed5-47d6-94e4-a281a89a0c72"
  },
  {
    "baseType": 3,
    "name": "FYI Update",
    "defaultValue": "",
    "description": "",
    "helpText": "",
    "isSystem": false,
    "minLength": 0,
    "maxLength": 10000,
    "validationRegex": "",
    "isValidate": false,
    "uuid": "0bed5cb8-9095-4e2f-9b69-6ba176f0abe9"
  },
  {
    "baseType": 3,
    "name": "invited by",
    "defaultValue": "",
    "description": "",
    "helpText": "",
    "isSystem": false,
    "minLength": 0,
    "maxLength": 1000,
    "validationRegex": "",
    "isValidate": false,
    "uuid": "6ef20a3c-e84d-4bb0-93bb-6d1e624e8bc5"
  },
  {
    "baseType": 3,
    "name": "opened_at",
    "defaultValue": "",
    "description": "",
    "helpText": "",
    "isSystem": false,
    "minLength": 0,
    "maxLength": 1000,
    "validationRegex": "",
    "isValidate": false,
    "uuid": "e59b2479-8b7d-407c-8947-3c8f7de30952"
  },
  {
    "baseType": 3,
    "name": "ticket_category",
    "defaultValue": "",
    "description": "",
    "helpText": "",
    "isSystem": false,
    "minLength": 0,
    "maxLength": 10000,
    "validationRegex": "",
    "isValidate": false,
    "uuid": "f399c4a3-c065-48d0-bab8-8593c3e70191"
  },
  {
    "baseType": 3,
    "name": "ticket_description",
    "defaultValue": "",
    "description": "",
    "helpText": "",
    "isSystem": false,
    "minLength": 0,
    "maxLength": 10000,
    "validationRegex": "",
    "isValidate": false,
    "uuid": "9b84c410-a8cb-4d80-ad20-d27b67d6966d"
  },
  {
    "baseType": 3,
    "name": "ticket_group_name",
    "defaultValue": "",
    "description": "",
    "helpText": "",
    "isSystem": false,
    "minLength": 0,
    "maxLength": 1000,
    "validationRegex": "",
    "isValidate": false,
    "uuid": "ae188e3a-e3aa-4e28-b066-4e5c8b2507c7"
  },
  {
    "baseType": 3,
    "name": "ticket_id",
    "defaultValue": "",
    "description": "",
    "helpText": "",
    "isSystem": false,
    "minLength": 0,
    "maxLength": 10000,
    "validationRegex": "",
    "isValidate": false,
    "uuid": "36fd9dfc-8a3d-4c1d-9e7e-c1706eb4f4df"
  },
  {
    "baseType": 3,
    "name": "ticket_impact",
    "defaultValue": "",
    "description": "",
    "helpText": "",
    "isSystem": false,
    "minLength": 0,
    "maxLength": 1000,
    "validationRegex": "",
    "isValidate": false,
    "uuid": "3b18a898-4436-4a31-83c1-8e1dd2455567"
  },
  {
    "baseType": 3,
    "name": "ticket_priority",
    "defaultValue": "",
    "description": "",
    "helpText": "",
    "isSystem": false,
    "minLength": 0,
    "maxLength": 10000,
    "validationRegex": "",
    "isValidate": false,
    "uuid": "3d68ef82-a37b-43d5-aa56-c161a9bef489"
  },
  {
    "baseType": 3,
    "name": "ticket_public_url",
    "defaultValue": "",
    "description": "",
    "helpText": "",
    "isSystem": false,
    "minLength": 0,
    "maxLength": 10000,
    "validationRegex": "",
    "isValidate": false,
    "uuid": "63db7cff-2486-48c5-9207-e5974db2c4b1"
  },
  {
    "baseType": 3,
    "name": "ticket_requester_name",
    "defaultValue": "",
    "description": "",
    "helpText": "",
    "isSystem": false,
    "minLength": 0,
    "maxLength": 10000,
    "validationRegex": "",
    "isValidate": false,
    "uuid": "af65c1b9-0932-4a71-bf12-41644be294d0"
  },
  {
    "baseType": 3,
    "name": "ticket_status",
    "defaultValue": "",
    "description": "",
    "helpText": "",
    "isSystem": false,
    "minLength": 0,
    "maxLength": 1000,
    "validationRegex": "",
    "isValidate": false,
    "uuid": "a5905aea-871a-4c88-a7f1-ab573ed4c8a0"
  },
  {
    "baseType": 3,
    "name": "ticket_subject",
    "defaultValue": "",
    "description": "",
    "helpText": "",
    "isSystem": false,
    "minLength": 0,
    "maxLength": 1000,
    "validationRegex": "",
    "isValidate": false,
    "uuid": "a6f62db7-560a-461a-b78a-946cefdc40bc"
  },
  {
    "baseType": 3,
    "name": "ticket_tags",
    "defaultValue": "",
    "description": "",
    "helpText": "",
    "isSystem": false,
    "minLength": 0,
    "maxLength": 10000,
    "validationRegex": "",
    "isValidate": false,
    "uuid": "e6e90daa-ac99-4901-a22c-e856590f50d1"
  },
  {
    "baseType": 3,
    "name": "ticket_type",
    "defaultValue": "",
    "description": "",
    "helpText": "",
    "isSystem": false,
    "minLength": 0,
    "maxLength": 10000,
    "validationRegex": "",
    "isValidate": false,
    "uuid": "9ab9e1de-8ba8-43f3-ae2e-169456f4c592"
  },
  {
    "baseType": 3,
    "name": "ticket_urgency",
    "defaultValue": "",
    "description": "",
    "helpText": "",
    "isSystem": false,
    "minLength": 0,
    "maxLength": 10000,
    "validationRegex": "",
    "isValidate": false,
    "uuid": "2965551d-ae3b-42bf-b778-159df8162640"
  },
  {
    "baseType": 3,
    "name": "ticket_url",
    "defaultValue": "",
    "description": "",
    "helpText": "",
    "isSystem": false,
    "minLength": 0,
    "maxLength": 1000,
    "validationRegex": "",
    "isValidate": false,
    "uuid": "3735686a-aab4-4e6d-a916-a5b892e3d62c"
  }
]