{
  "name": "Freshservice - Inform with xMatters",
  "description": "",
  "form": "8d7840e2-255c-4e0a-8580-62d1f3ab6b0a",
  "blocks": [
    {
      "id": "9a9b983a-6605-402a-8c8a-de8dbfa5d194",
      "label": "Freshservice - Inform with xMatters - Freshservice inbound",
      "environment": "HOSTED",
      "presentation": "{\"w\":60,\"x\":-49,\"h\":60,\"y\":-134}",
      "step": "987c3065-05c3-4d80-ac8b-96a69688be7f",
      "stepType": "INTEGRATION"
    },
    {
      "id": "d6579ac5-2e05-4f9e-ad5c-577971820334",
      "endpoint": "FreshService",
      "label": "Freshservice - Parse Note",
      "environment": "HOSTED",
      "presentation": "{\"w\":60,\"x\":103,\"h\":60,\"y\":-134}",
      "step": "a0b912af-d95b-4fd9-a663-ff2b4f5308c4",
      "stepType": "SCRIPT_STEP",
      "inputMappings": [
        {
          "inputPort": "input",
          "mapping": "${9a9b983a-6605-402a-8c8a-de8dbfa5d194.ticket_latest_public_comment}",
          "stepInput": "ea0087ca-cb9a-4ba9-9c93-6000f60176c1"
        }
      ]
    },
    {
      "id": "7072ad19-30ae-4e3b-964b-ddbf0ba204f5",
      "label": "Inform with xMatters Event",
      "environment": "HOSTED",
      "presentation": "{\"w\":60,\"x\":277,\"h\":60,\"y\":-134}",
      "step": "8d7840e2-255c-4e0a-8580-62d1f3ab6b0a",
      "stepType": "CREATE_EVENT",
      "inputMappings": [
        {
          "inputPort": "input",
          "mapping": "${9a9b983a-6605-402a-8c8a-de8dbfa5d194.ticket_type}",
          "sectionItemKey": "72b2c784-012d-497b-879f-16d4252af395"
        },
        {
          "inputPort": "input",
          "mapping": "${9a9b983a-6605-402a-8c8a-de8dbfa5d194.ticket_subject}",
          "sectionItemKey": "6fd1b320-373d-49ca-a229-e3ecb47e5970"
        },
        {
          "inputPort": "input",
          "mapping": "${9a9b983a-6605-402a-8c8a-de8dbfa5d194.ticket_tags}",
          "sectionItemKey": "d70341d9-1f50-48af-a76d-e33cb9ebb203"
        },
        {
          "inputPort": "input",
          "mapping": "${9a9b983a-6605-402a-8c8a-de8dbfa5d194.ticket_public_url}",
          "sectionItemKey": "04d09f4b-0c2c-454d-8728-3eaf7c58026d"
        },
        {
          "inputPort": "input",
          "mapping": "${9a9b983a-6605-402a-8c8a-de8dbfa5d194.ticket_impact}",
          "sectionItemKey": "77175f0b-6ad2-43d2-9d7b-ef0565203f6a"
        },
        {
          "inputPort": "input",
          "mapping": "${9a9b983a-6605-402a-8c8a-de8dbfa5d194.ticket_description}",
          "sectionItemKey": "12efe94d-43ab-48aa-9ab3-26aaf2f3023a"
        },
        {
          "inputPort": "input",
          "mapping": "${9a9b983a-6605-402a-8c8a-de8dbfa5d194.ticket_group_name}",
          "sectionItemKey": "6170fc7f-acb6-4189-901f-2457e685a1df"
        },
        {
          "inputPort": "input",
          "mapping": "${9a9b983a-6605-402a-8c8a-de8dbfa5d194.ticket_category}",
          "sectionItemKey": "c70eed36-a4b7-477d-84d5-befdf9cec088"
        },
        {
          "inputPort": "input",
          "mapping": "${9a9b983a-6605-402a-8c8a-de8dbfa5d194.ticket_url}",
          "sectionItemKey": "9b6f308f-99fc-49ff-8936-87ff0227e26d"
        },
        {
          "inputPort": "input",
          "mapping": "${9a9b983a-6605-402a-8c8a-de8dbfa5d194.current_date_and_time}",
          "sectionItemKey": "a594c45d-ef38-4436-b5d9-800f98bd8a59"
        },
        {
          "inputPort": "input",
          "mapping": "${9a9b983a-6605-402a-8c8a-de8dbfa5d194.ticket_priority}",
          "sectionItemKey": "927ed801-68f0-4363-8c38-bda2c4fe4a47"
        },
        {
          "inputPort": "input",
          "mapping": "${9a9b983a-6605-402a-8c8a-de8dbfa5d194.ticket_urgency}",
          "sectionItemKey": "5855d50f-bc9f-4893-8fc7-a99520a27a88"
        },
        {
          "inputPort": "input",
          "mapping": "${d6579ac5-2e05-4f9e-ad5c-577971820334.agent_commenter} made a public comment: ${d6579ac5-2e05-4f9e-ad5c-577971820334.note}",
          "sectionItemKey": "5d75ef08-355d-46b1-9f57-0eeb87f90a3c"
        },
        {
          "inputPort": "input",
          "mapping": "${9a9b983a-6605-402a-8c8a-de8dbfa5d194.ticket_requester_name}",
          "sectionItemKey": "dae10c4d-4da0-4bbf-97d2-1fb9bcca7e13"
        },
        {
          "inputPort": "input",
          "mapping": "${9a9b983a-6605-402a-8c8a-de8dbfa5d194.ticket.created.at}",
          "sectionItemKey": "24cf4540-43e6-4db7-a50b-6eb26a4ae36e"
        },
        {
          "inputPort": "input",
          "mapping": "${9a9b983a-6605-402a-8c8a-de8dbfa5d194.ticket_id}",
          "sectionItemKey": "ecf9f8b6-0630-44e5-8201-088c6a428208"
        }
      ]
    }
  ],
  "edges": [
    {
      "fromBlock": "9a9b983a-6605-402a-8c8a-de8dbfa5d194",
      "fromPort": "output",
      "toBlock": "d6579ac5-2e05-4f9e-ad5c-577971820334",
      "toPort": "input"
    },
    {
      "fromBlock": "d6579ac5-2e05-4f9e-ad5c-577971820334",
      "fromPort": "output",
      "toBlock": "7072ad19-30ae-4e3b-964b-ddbf0ba204f5",
      "toPort": "input"
    }
  ]
}