{
  "name": "Freshservice alert",
  "description": "",
  "form": "e072a42c-b7fa-47b7-804c-262114dc9f65",
  "blocks": [
    {
      "id": "2a1295b4-9fdc-47f4-90da-10f55b9a05a9",
      "label": "Acknowledge",
      "environment": "HOSTED",
      "presentation": "{}",
      "step": "ee590d08-a958-4984-8adf-4e5038b4dc64",
      "stepType": "INTEGRATION"
    },
    {
      "id": "88789264-fafe-45c7-ae58-2b2ce98c3a97",
      "endpoint": "FreshService",
      "label": "Add Comment - Manual Escalation",
      "environment": "HOSTED",
      "presentation": "{\"w\":60,\"x\":340,\"h\":60,\"y\":1547}",
      "step": "a95fe344-2893-4a19-8ed3-54e3256f915c",
      "stepType": "SCRIPT_STEP",
      "inputMappings": [
        {
          "inputPort": "input",
          "mapping": "${event.properties.ticket_id}",
          "stepInput": "9574ebcf-1881-4db4-afd4-7d0e322074f8"
        },
        {
          "inputPort": "input",
          "mapping": "The current targeted recipient escalated xMatters event ${event.id}. Now notifying the next recipient in ${event.targetedRecipients}.",
          "stepInput": "2879d4e7-e5b5-424a-8d41-1f24a597bd23"
        },
        {
          "inputPort": "input",
          "mapping": "true",
          "stepInput": "d3c7c36a-12b7-4881-94bb-7a99c4daaec5"
        }
      ]
    },
    {
      "id": "32839441-de8e-4ea3-8415-13fc283e00af",
      "endpoint": "FreshService",
      "label": "Add Comment - Timeout Escalation",
      "environment": "HOSTED",
      "presentation": "{\"w\":60,\"x\":340,\"h\":60,\"y\":1717}",
      "step": "a95fe344-2893-4a19-8ed3-54e3256f915c",
      "stepType": "SCRIPT_STEP",
      "inputMappings": [
        {
          "inputPort": "input",
          "mapping": "${event.properties.ticket_id}",
          "stepInput": "9574ebcf-1881-4db4-afd4-7d0e322074f8"
        },
        {
          "inputPort": "input",
          "mapping": "The current targeted recipient did not respond to xMatters event ${event.id}. Now notifying the next recipient in ${event.targetedRecipients}.",
          "stepInput": "2879d4e7-e5b5-424a-8d41-1f24a597bd23"
        },
        {
          "inputPort": "input",
          "mapping": "true",
          "stepInput": "d3c7c36a-12b7-4881-94bb-7a99c4daaec5"
        }
      ]
    },
    {
      "id": "d7aeceb5-6fd1-4269-a77d-0fad78d747ce",
      "endpoint": "FreshService",
      "label": "Create FreshService Comment",
      "environment": "HOSTED",
      "presentation": "{\"w\":60,\"x\":426,\"h\":60,\"y\":326}",
      "step": "a95fe344-2893-4a19-8ed3-54e3256f915c",
      "stepType": "SCRIPT_STEP",
      "inputMappings": [
        {
          "inputPort": "input",
          "mapping": "${event.properties.ticket_id}",
          "stepInput": "9574ebcf-1881-4db4-afd4-7d0e322074f8"
        },
        {
          "inputPort": "input",
          "mapping": "<strong>${triggerOutputRESPONSE.respondedTo.by.targetName}</strong> responded with ${triggerOutputRESPONSE.response.response}",
          "stepInput": "2879d4e7-e5b5-424a-8d41-1f24a597bd23"
        },
        {
          "inputPort": "input",
          "mapping": "true",
          "stepInput": "d3c7c36a-12b7-4881-94bb-7a99c4daaec5"
        }
      ]
    },
    {
      "id": "3cfc925d-95e4-49e6-9b1e-2642b1ace0dc",
      "endpoint": "FreshService",
      "label": "Create FreshService Comment",
      "environment": "HOSTED",
      "presentation": "{\"w\":60,\"x\":170,\"h\":60,\"y\":1313}",
      "step": "a95fe344-2893-4a19-8ed3-54e3256f915c",
      "stepType": "SCRIPT_STEP",
      "inputMappings": [
        {
          "inputPort": "input",
          "mapping": "${event.properties.ticket_id}",
          "stepInput": "9574ebcf-1881-4db4-afd4-7d0e322074f8"
        },
        {
          "inputPort": "input",
          "mapping": "<strong>${triggerOutputDELIVERYSTATUS.notification.recipient.owner.targetName}</strong> was notified on their ${triggerOutputDELIVERYSTATUS.notification.recipient.name} device",
          "stepInput": "2879d4e7-e5b5-424a-8d41-1f24a597bd23"
        },
        {
          "inputPort": "input",
          "mapping": "true",
          "stepInput": "d3c7c36a-12b7-4881-94bb-7a99c4daaec5"
        }
      ]
    },
    {
      "id": "5dd1421c-07b7-46b4-99bd-9262f17969e6",
      "label": "Escalate",
      "environment": "HOSTED",
      "presentation": "{}",
      "step": "0cca125b-aec0-4c1f-b44f-72d13473caa7",
      "stepType": "INTEGRATION"
    },
    {
      "id": "3ba09f19-707c-4d1b-b09a-ef0df8127ef7",
      "label": "Escalation Switch",
      "environment": "HOSTED",
      "presentation": "{\"w\":60,\"x\":170,\"h\":60,\"y\":1483}",
      "stepType": "SWITCH",
      "inputMappings": [
        {
          "inputPort": "input",
          "mapping": "${triggerOutputESCALATION.escalation.reason}"
        }
      ],
      "switchCases": [
        {
          "caseId": "639ffb2e-de17-426a-a159-da1c46f66a36",
          "caseValue": "ACTIVE"
        }
      ]
    },
    {
      "id": "4e3b4b38-e124-471c-b0ca-277cedc938f5",
      "endpoint": "FreshService",
      "label": "FreshService - Update Incident",
      "environment": "HOSTED",
      "presentation": "{\"w\":60,\"x\":288,\"h\":60,\"y\":326}",
      "step": "f9fed54d-923e-4905-8d46-aa32ce216884",
      "stepType": "SCRIPT_STEP",
      "inputMappings": [
        {
          "inputPort": "input",
          "mapping": "${event.properties.ticket_id}",
          "stepInput": "481e0a64-8aa3-42cb-aef0-4d96b47132f7"
        },
        {
          "inputPort": "input",
          "mapping": "${8161b60b-b00e-408c-bfad-dd0b52c2aa27.output['Work Email']}",
          "stepInput": "03cc3a89-c1f1-428c-93a7-10fb55c2079a"
        },
        {
          "inputPort": "input",
          "mapping": "3",
          "stepInput": "111da77f-c3b6-4eaa-8ed2-da48c956670d"
        },
        {
          "inputPort": "input",
          "mapping": "${event.properties.ticket_subject}",
          "stepInput": "a78213e8-b983-4dad-a0f6-877566038139"
        },
        {
          "inputPort": "input",
          "mapping": "${event.properties.ticket_description}",
          "stepInput": "d036c72f-97f9-4e23-b944-d38bca98f891"
        },
        {
          "inputPort": "input",
          "mapping": "${event.properties.ticket_priority}",
          "stepInput": "f277f26e-c69d-453d-89fd-2b81a85304b5"
        },
        {
          "inputPort": "input",
          "mapping": "${event.properties.ticket_urgency}",
          "stepInput": "7ec5081a-7f70-4e25-873e-af60245ff2e3"
        },
        {
          "inputPort": "input",
          "mapping": "${event.properties.ticket_impact}",
          "stepInput": "b0a4e962-2e58-455f-ab94-a095509cc8e8"
        }
      ]
    },
    {
      "id": "cb1aa454-eee0-463c-ad06-ebfab6ff36c9",
      "endpoint": "FreshService",
      "label": "FreshService - Update Ticket",
      "environment": "HOSTED",
      "presentation": "{\"w\":60,\"x\":315,\"h\":60,\"y\":633}",
      "step": "f9fed54d-923e-4905-8d46-aa32ce216884",
      "stepType": "SCRIPT_STEP",
      "inputMappings": [
        {
          "inputPort": "input",
          "mapping": "${event.properties.ticket_id}",
          "stepInput": "481e0a64-8aa3-42cb-aef0-4d96b47132f7"
        },
        {
          "inputPort": "input",
          "mapping": "${fab97173-feb0-46c5-a884-85249fc52dc8.output['Work Email']}",
          "stepInput": "03cc3a89-c1f1-428c-93a7-10fb55c2079a"
        },
        {
          "inputPort": "input",
          "mapping": "4",
          "stepInput": "111da77f-c3b6-4eaa-8ed2-da48c956670d"
        },
        {
          "inputPort": "input",
          "mapping": "${event.properties.ticket_subject}",
          "stepInput": "a78213e8-b983-4dad-a0f6-877566038139"
        },
        {
          "inputPort": "input",
          "mapping": "${event.properties.ticket_description}",
          "stepInput": "d036c72f-97f9-4e23-b944-d38bca98f891"
        },
        {
          "inputPort": "input",
          "mapping": "${event.properties.ticket_priority}",
          "stepInput": "f277f26e-c69d-453d-89fd-2b81a85304b5"
        },
        {
          "inputPort": "input",
          "mapping": "${event.properties.ticket_urgency}",
          "stepInput": "7ec5081a-7f70-4e25-873e-af60245ff2e3"
        },
        {
          "inputPort": "input",
          "mapping": "${event.properties.ticket_impact}",
          "stepInput": "b0a4e962-2e58-455f-ab94-a095509cc8e8"
        }
      ]
    },
    {
      "id": "0622cb9d-f148-43b0-b47f-2153ad7fd8c0",
      "endpoint": "FreshService",
      "label": "FreshService Create Comment",
      "environment": "HOSTED",
      "presentation": "{\"w\":60,\"x\":170,\"h\":60,\"y\":1951}",
      "step": "a95fe344-2893-4a19-8ed3-54e3256f915c",
      "stepType": "SCRIPT_STEP",
      "inputMappings": [
        {
          "inputPort": "input",
          "mapping": "${event.properties.ticket_id}",
          "stepInput": "9574ebcf-1881-4db4-afd4-7d0e322074f8"
        },
        {
          "inputPort": "input",
          "mapping": "<strong>${triggerOutputANNOTATION.annotation.author.targetName}</strong> made a comment on their ${triggerOutputANNOTATION.annotation.response.response} response: <strong>${triggerOutputANNOTATION.annotation.comment}</strong>",
          "stepInput": "2879d4e7-e5b5-424a-8d41-1f24a597bd23"
        },
        {
          "inputPort": "input",
          "mapping": "true",
          "stepInput": "d3c7c36a-12b7-4881-94bb-7a99c4daaec5"
        }
      ]
    },
    {
      "id": "735c1da0-a3c0-4de8-a76f-ce41848a8f92",
      "endpoint": "FreshService",
      "label": "FreshService Create Comment",
      "environment": "HOSTED",
      "presentation": "{\"w\":60,\"x\":340,\"h\":60,\"y\":994}",
      "step": "a95fe344-2893-4a19-8ed3-54e3256f915c",
      "stepType": "SCRIPT_STEP",
      "inputMappings": [
        {
          "inputPort": "input",
          "mapping": "${event.properties.ticket_id}",
          "stepInput": "9574ebcf-1881-4db4-afd4-7d0e322074f8"
        },
        {
          "inputPort": "input",
          "mapping": "A new event was created in xMatters: event ID ${event.id}",
          "stepInput": "2879d4e7-e5b5-424a-8d41-1f24a597bd23"
        },
        {
          "inputPort": "input",
          "mapping": "true",
          "stepInput": "d3c7c36a-12b7-4881-94bb-7a99c4daaec5"
        }
      ]
    },
    {
      "id": "fec79b9e-def8-4ae4-b929-a3d7be307949",
      "label": "Freshservice - Assignment Alert - Freshservice inbound",
      "environment": "HOSTED",
      "presentation": "{\"w\":60,\"x\":0,\"h\":60,\"y\":0}",
      "step": "272d7e53-9b65-46b3-b564-c233a96b33b4",
      "stepType": "INTEGRATION"
    },
    {
      "id": "11bfebf6-9a7f-470a-bd38-404d04fce5fb",
      "label": "Freshservice Assignment Alert - Escalations",
      "environment": "HOSTED",
      "presentation": "{\"w\":60,\"x\":0,\"h\":60,\"y\":1632}",
      "step": "02b3dff1-d61d-447e-a52c-924cd04df5ca",
      "stepType": "INTEGRATION"
    },
    {
      "id": "5bc1a512-c1e9-4e8e-86e8-791b12e424ae",
      "label": "Freshservice Assignment Alert - Event Comments",
      "environment": "HOSTED",
      "presentation": "{\"w\":60,\"x\":0,\"h\":60,\"y\":1951}",
      "step": "152c8b86-a6ba-4608-8c40-099db0ee7e8d",
      "stepType": "INTEGRATION"
    },
    {
      "id": "bff6d32d-9cbf-4a52-a159-09a1f811f872",
      "label": "Freshservice Assignment Alert - Event Status Updates",
      "environment": "HOSTED",
      "presentation": "{\"w\":60,\"x\":0,\"h\":60,\"y\":994}",
      "step": "34013cc1-6234-45f2-9547-a0bebca65e8d",
      "stepType": "INTEGRATION"
    },
    {
      "id": "b4698f54-a484-4ea6-8b29-ae1a1c4c5b8b",
      "label": "Freshservice alert - Device Delivery Updates",
      "environment": "HOSTED",
      "presentation": "{\"w\":60,\"x\":0,\"h\":60,\"y\":1313}",
      "step": "59724ec3-99ea-4f83-8d6b-bf981be56b29",
      "stepType": "INTEGRATION"
    },
    {
      "id": "d2ecf650-2ac8-4c83-ac7e-2eee99b89d1b",
      "label": "Resolve",
      "environment": "HOSTED",
      "presentation": "{}",
      "step": "85ad9e6a-9dac-4733-b792-439d33d34f89",
      "stepType": "INTEGRATION"
    },
    {
      "id": "5a2b0812-152e-4170-bb70-a5c03be2d38b",
      "label": "Responses",
      "environment": "HOSTED",
      "presentation": "{\"w\":100,\"x\":0,\"h\":50,\"y\":170}",
      "stepType": "RESPONSES"
    },
    {
      "id": "33ad6119-228d-47ad-bd40-50d8abb9ae29",
      "label": "Switch",
      "environment": "HOSTED",
      "presentation": "{\"w\":60,\"x\":170,\"h\":60,\"y\":845}",
      "stepType": "SWITCH",
      "inputMappings": [
        {
          "inputPort": "input",
          "mapping": "${triggerOutputSTATUS.statusChanged.auditType}"
        }
      ],
      "switchCases": [
        {
          "caseId": "c30839c6-f17f-4061-982d-2951b603336a",
          "caseValue": "EVENT_CREATED"
        }
      ]
    },
    {
      "id": "8161b60b-b00e-408c-bfad-dd0b52c2aa27",
      "label": "xMatters - Get a Persons Work Devices",
      "environment": "HOSTED",
      "presentation": "{\"w\":60,\"x\":150,\"h\":60,\"y\":326}",
      "step": "7a546b7d-cf2f-4d94-a79e-5778bab422f4",
      "stepType": "SCRIPT_STEP",
      "inputMappings": [
        {
          "inputPort": "input",
          "mapping": "${triggerOutputRESPONSE.respondedTo.by.targetName}",
          "stepInput": "0e80b03d-5263-468e-9d3f-29178ced0fcf"
        }
      ]
    },
    {
      "id": "fab97173-feb0-46c5-a884-85249fc52dc8",
      "label": "xMatters - Get a Persons Work Devices",
      "environment": "HOSTED",
      "presentation": "{\"w\":60,\"x\":161,\"h\":60,\"y\":636}",
      "step": "7a546b7d-cf2f-4d94-a79e-5778bab422f4",
      "stepType": "SCRIPT_STEP",
      "inputMappings": [
        {
          "inputPort": "input",
          "mapping": "${triggerOutputRESPONSE.respondedTo.by.targetName}",
          "stepInput": "0e80b03d-5263-468e-9d3f-29178ced0fcf"
        }
      ]
    },
    {
      "id": "c94b77cf-5a79-4473-9700-1ec11d5b1f3f",
      "label": "xMatters Create Event - Freshservice alert",
      "environment": "HOSTED",
      "presentation": "{\"w\":60,\"x\":170,\"h\":60,\"y\":0}",
      "step": "e072a42c-b7fa-47b7-804c-262114dc9f65",
      "stepType": "CREATE_EVENT",
      "inputMappings": [
        {
          "inputPort": "input",
          "mapping": "${fec79b9e-def8-4ae4-b929-a3d7be307949.ticket_requester_name}",
          "sectionItemKey": "dae10c4d-4da0-4bbf-97d2-1fb9bcca7e13"
        },
        {
          "inputPort": "input",
          "mapping": "${fec79b9e-def8-4ae4-b929-a3d7be307949.ticket_group_name}",
          "sectionItemKey": "recipients"
        },
        {
          "inputPort": "input",
          "mapping": "${fec79b9e-def8-4ae4-b929-a3d7be307949.ticket_tags}",
          "sectionItemKey": "d70341d9-1f50-48af-a76d-e33cb9ebb203"
        },
        {
          "inputPort": "input",
          "mapping": "${fec79b9e-def8-4ae4-b929-a3d7be307949.ticket_urgency}",
          "sectionItemKey": "5855d50f-bc9f-4893-8fc7-a99520a27a88"
        },
        {
          "inputPort": "input",
          "mapping": "${fec79b9e-def8-4ae4-b929-a3d7be307949.ticket_status}",
          "sectionItemKey": "ff995564-6cf3-41aa-ba3d-2ede39971095"
        },
        {
          "inputPort": "input",
          "mapping": "${fec79b9e-def8-4ae4-b929-a3d7be307949.ticket_public_url}",
          "sectionItemKey": "04d09f4b-0c2c-454d-8728-3eaf7c58026d"
        },
        {
          "inputPort": "input",
          "mapping": "${fec79b9e-def8-4ae4-b929-a3d7be307949.ticket_description}",
          "sectionItemKey": "12efe94d-43ab-48aa-9ab3-26aaf2f3023a"
        },
        {
          "inputPort": "input",
          "mapping": "${fec79b9e-def8-4ae4-b929-a3d7be307949.ticket_subject}",
          "sectionItemKey": "6fd1b320-373d-49ca-a229-e3ecb47e5970"
        },
        {
          "inputPort": "input",
          "mapping": "${fec79b9e-def8-4ae4-b929-a3d7be307949.ticket_priority}",
          "sectionItemKey": "927ed801-68f0-4363-8c38-bda2c4fe4a47"
        },
        {
          "inputPort": "input",
          "mapping": "${fec79b9e-def8-4ae4-b929-a3d7be307949.ticket_id}",
          "sectionItemKey": "ecf9f8b6-0630-44e5-8201-088c6a428208"
        },
        {
          "inputPort": "input",
          "mapping": "${fec79b9e-def8-4ae4-b929-a3d7be307949.ticket_category}",
          "sectionItemKey": "c70eed36-a4b7-477d-84d5-befdf9cec088"
        },
        {
          "inputPort": "input",
          "mapping": "${fec79b9e-def8-4ae4-b929-a3d7be307949.ticket_impact}",
          "sectionItemKey": "77175f0b-6ad2-43d2-9d7b-ef0565203f6a"
        },
        {
          "inputPort": "input",
          "mapping": "${fec79b9e-def8-4ae4-b929-a3d7be307949.ticket_url}",
          "sectionItemKey": "9b6f308f-99fc-49ff-8936-87ff0227e26d"
        },
        {
          "inputPort": "input",
          "mapping": "${fec79b9e-def8-4ae4-b929-a3d7be307949.ticket_group_name}",
          "sectionItemKey": "6170fc7f-acb6-4189-901f-2457e685a1df"
        },
        {
          "inputPort": "input",
          "mapping": "${fec79b9e-def8-4ae4-b929-a3d7be307949.current_date_and_time}",
          "sectionItemKey": "a594c45d-ef38-4436-b5d9-800f98bd8a59"
        },
        {
          "inputPort": "input",
          "mapping": "${fec79b9e-def8-4ae4-b929-a3d7be307949.ticket_type}",
          "sectionItemKey": "72b2c784-012d-497b-879f-16d4252af395"
        },
        {
          "inputPort": "input",
          "mapping": "${fec79b9e-def8-4ae4-b929-a3d7be307949.ticket.created.at}",
          "sectionItemKey": "24cf4540-43e6-4db7-a50b-6eb26a4ae36e"
        }
      ]
    }
  ],
  "edges": [
    {
      "fromBlock": "8161b60b-b00e-408c-bfad-dd0b52c2aa27",
      "fromPort": "output",
      "toBlock": "4e3b4b38-e124-471c-b0ca-277cedc938f5",
      "toPort": "input"
    },
    {
      "fromBlock": "b4698f54-a484-4ea6-8b29-ae1a1c4c5b8b",
      "fromPort": "output",
      "toBlock": "3cfc925d-95e4-49e6-9b1e-2642b1ace0dc",
      "toPort": "input"
    },
    {
      "fromBlock": "bff6d32d-9cbf-4a52-a159-09a1f811f872",
      "fromPort": "output",
      "toBlock": "33ad6119-228d-47ad-bd40-50d8abb9ae29",
      "toPort": "input"
    },
    {
      "fromBlock": "d2ecf650-2ac8-4c83-ac7e-2eee99b89d1b",
      "fromPort": "output",
      "toBlock": "fab97173-feb0-46c5-a884-85249fc52dc8",
      "toPort": "input"
    },
    {
      "fromBlock": "fab97173-feb0-46c5-a884-85249fc52dc8",
      "fromPort": "output",
      "toBlock": "cb1aa454-eee0-463c-ad06-ebfab6ff36c9",
      "toPort": "input"
    },
    {
      "fromBlock": "fec79b9e-def8-4ae4-b929-a3d7be307949",
      "fromPort": "output",
      "toBlock": "c94b77cf-5a79-4473-9700-1ec11d5b1f3f",
      "toPort": "input"
    },
    {
      "fromBlock": "11bfebf6-9a7f-470a-bd38-404d04fce5fb",
      "fromPort": "output",
      "toBlock": "3ba09f19-707c-4d1b-b09a-ef0df8127ef7",
      "toPort": "input"
    },
    {
      "fromBlock": "2a1295b4-9fdc-47f4-90da-10f55b9a05a9",
      "fromPort": "output",
      "toBlock": "8161b60b-b00e-408c-bfad-dd0b52c2aa27",
      "toPort": "input"
    },
    {
      "fromBlock": "33ad6119-228d-47ad-bd40-50d8abb9ae29",
      "fromPort": "c30839c6-f17f-4061-982d-2951b603336a",
      "toBlock": "735c1da0-a3c0-4de8-a76f-ce41848a8f92",
      "toPort": "input"
    },
    {
      "fromBlock": "3ba09f19-707c-4d1b-b09a-ef0df8127ef7",
      "fromPort": "639ffb2e-de17-426a-a159-da1c46f66a36",
      "toBlock": "88789264-fafe-45c7-ae58-2b2ce98c3a97",
      "toPort": "input"
    },
    {
      "fromBlock": "3ba09f19-707c-4d1b-b09a-ef0df8127ef7",
      "fromPort": "output",
      "toBlock": "32839441-de8e-4ea3-8415-13fc283e00af",
      "toPort": "input"
    },
    {
      "fromBlock": "4e3b4b38-e124-471c-b0ca-277cedc938f5",
      "fromPort": "output",
      "toBlock": "d7aeceb5-6fd1-4269-a77d-0fad78d747ce",
      "toPort": "input"
    },
    {
      "fromBlock": "5bc1a512-c1e9-4e8e-86e8-791b12e424ae",
      "fromPort": "output",
      "toBlock": "0622cb9d-f148-43b0-b47f-2153ad7fd8c0",
      "toPort": "input"
    }
  ]
}