{
  "name": "Freshservice - Engage with xMatters",
  "description": "",
  "form": "2c8f6dd1-cdd3-478f-9505-31f8a1c56a8b",
  "blocks": [
    {
      "id": "55e25e76-4faa-408f-a3f2-ff91d4c92875",
      "label": "Acknowledge",
      "environment": "HOSTED",
      "presentation": "{}",
      "step": "1e59a26a-532d-4c0d-a878-45ea7710cdd0",
      "stepType": "INTEGRATION"
    },
    {
      "id": "3f8a9993-5a7f-476d-a6e1-3c2674d9a647",
      "label": "Escalate",
      "environment": "HOSTED",
      "presentation": "{}",
      "step": "36fd246c-0bab-4f59-95db-583d28df876d",
      "stepType": "INTEGRATION"
    },
    {
      "id": "eedab62b-27a7-476c-8ac7-0f6ea0609cc7",
      "endpoint": "FreshService",
      "label": "FreshService - Create Note",
      "environment": "HOSTED",
      "presentation": "{\"w\":60,\"x\":608,\"h\":60,\"y\":-174}",
      "step": "a95fe344-2893-4a19-8ed3-54e3256f915c",
      "stepType": "SCRIPT_STEP",
      "inputMappings": [
        {
          "inputPort": "input",
          "mapping": "${event.properties.ticket_id}",
          "stepInput": "9574ebcf-1881-4db4-afd4-7d0e322074f8"
        },
        {
          "inputPort": "input",
          "mapping": "<strong>${triggerOutputRESPONSE.respondedTo.by.targetName}</strong> said they will be joining soon.",
          "stepInput": "2879d4e7-e5b5-424a-8d41-1f24a597bd23"
        },
        {
          "inputPort": "input",
          "mapping": "true",
          "stepInput": "d3c7c36a-12b7-4881-94bb-7a99c4daaec5"
        }
      ]
    },
    {
      "id": "5f51ba03-8ebe-4a57-93d6-616e67783276",
      "endpoint": "FreshService",
      "label": "FreshService - Create Note",
      "environment": "HOSTED",
      "presentation": "{\"w\":60,\"x\":137,\"h\":60,\"y\":173}",
      "step": "a95fe344-2893-4a19-8ed3-54e3256f915c",
      "stepType": "SCRIPT_STEP",
      "inputMappings": [
        {
          "inputPort": "input",
          "mapping": "${event.properties.ticket_id}",
          "stepInput": "9574ebcf-1881-4db4-afd4-7d0e322074f8"
        },
        {
          "inputPort": "input",
          "mapping": "${triggerOutputANNOTATION.annotation.author.targetName} made a comment to their ${triggerOutputANNOTATION.annotation.response.response} response: ${triggerOutputANNOTATION.annotation.comment}",
          "stepInput": "2879d4e7-e5b5-424a-8d41-1f24a597bd23"
        },
        {
          "inputPort": "input",
          "mapping": "true",
          "stepInput": "d3c7c36a-12b7-4881-94bb-7a99c4daaec5"
        }
      ]
    },
    {
      "id": "7db5f0b5-7aa3-4d11-8fe4-9253d57cd061",
      "endpoint": "FreshService",
      "label": "FreshService - Create Note",
      "environment": "HOSTED",
      "presentation": "{\"w\":60,\"x\":235,\"h\":60,\"y\":-135}",
      "step": "a95fe344-2893-4a19-8ed3-54e3256f915c",
      "stepType": "SCRIPT_STEP",
      "inputMappings": [
        {
          "inputPort": "input",
          "mapping": "${a9fc522c-6be8-49af-9dec-caa0e7f322f9.ticket_id}",
          "stepInput": "9574ebcf-1881-4db4-afd4-7d0e322074f8"
        },
        {
          "inputPort": "input",
          "mapping": "<strong>${a9fc522c-6be8-49af-9dec-caa0e7f322f9.ticket_tags}</strong> group(s) were engaged to help resolve this incident",
          "stepInput": "2879d4e7-e5b5-424a-8d41-1f24a597bd23"
        },
        {
          "inputPort": "input",
          "mapping": "true",
          "stepInput": "d3c7c36a-12b7-4881-94bb-7a99c4daaec5"
        }
      ]
    },
    {
      "id": "3e18c44f-dc5c-4fbf-9e0b-4aaa60290ac0",
      "label": "Freshservice - Engage with xMatters - Event Comments",
      "environment": "HOSTED",
      "presentation": "{\"w\":60,\"x\":-2,\"h\":60,\"y\":169}",
      "step": "3bc77a02-4508-4597-b20d-d337abc30e28",
      "stepType": "INTEGRATION"
    },
    {
      "id": "a9fc522c-6be8-49af-9dec-caa0e7f322f9",
      "label": "Freshservice - Engage with xMatters - Freshservice inbound",
      "environment": "HOSTED",
      "presentation": "{\"w\":60,\"x\":-146,\"h\":60,\"y\":-131}",
      "step": "a22ad123-d5b4-4870-bc34-de4864fc5859",
      "stepType": "INTEGRATION"
    },
    {
      "id": "8ff8da03-c06a-46e8-bda2-f36f13841409",
      "label": "Responses",
      "environment": "HOSTED",
      "presentation": "{\"w\":100,\"x\":428,\"h\":50,\"y\":-332}",
      "stepType": "RESPONSES"
    },
    {
      "id": "bc814ed8-c91f-401e-b9fd-cb9bd843025f",
      "label": "xMatters Create Event - Freshservice - Engage with xMatters",
      "environment": "HOSTED",
      "presentation": "{\"w\":60,\"x\":52,\"h\":60,\"y\":-132}",
      "step": "2c8f6dd1-cdd3-478f-9505-31f8a1c56a8b",
      "stepType": "CREATE_EVENT",
      "inputMappings": [
        {
          "inputPort": "input",
          "mapping": "${a9fc522c-6be8-49af-9dec-caa0e7f322f9.ticket_status}",
          "sectionItemKey": "ff995564-6cf3-41aa-ba3d-2ede39971095"
        },
        {
          "inputPort": "input",
          "mapping": "${a9fc522c-6be8-49af-9dec-caa0e7f322f9.ticket_impact}",
          "sectionItemKey": "77175f0b-6ad2-43d2-9d7b-ef0565203f6a"
        },
        {
          "inputPort": "input",
          "mapping": "${a9fc522c-6be8-49af-9dec-caa0e7f322f9.ticket_subject}",
          "sectionItemKey": "6fd1b320-373d-49ca-a229-e3ecb47e5970"
        },
        {
          "inputPort": "input",
          "mapping": "${a9fc522c-6be8-49af-9dec-caa0e7f322f9.ticket_group_name}",
          "sectionItemKey": "6170fc7f-acb6-4189-901f-2457e685a1df"
        },
        {
          "inputPort": "input",
          "mapping": "${a9fc522c-6be8-49af-9dec-caa0e7f322f9.ticket.created.at}",
          "sectionItemKey": "24cf4540-43e6-4db7-a50b-6eb26a4ae36e"
        },
        {
          "inputPort": "input",
          "mapping": "${a9fc522c-6be8-49af-9dec-caa0e7f322f9.ticket_type}",
          "sectionItemKey": "72b2c784-012d-497b-879f-16d4252af395"
        },
        {
          "inputPort": "input",
          "mapping": "${a9fc522c-6be8-49af-9dec-caa0e7f322f9.ticket_id}",
          "sectionItemKey": "ecf9f8b6-0630-44e5-8201-088c6a428208"
        },
        {
          "inputPort": "input",
          "mapping": "${a9fc522c-6be8-49af-9dec-caa0e7f322f9.ticket_tags}",
          "sectionItemKey": "recipients"
        },
        {
          "inputPort": "input",
          "mapping": "${a9fc522c-6be8-49af-9dec-caa0e7f322f9.ticket_priority}",
          "sectionItemKey": "927ed801-68f0-4363-8c38-bda2c4fe4a47"
        },
        {
          "inputPort": "input",
          "mapping": "${a9fc522c-6be8-49af-9dec-caa0e7f322f9.ticket_url}",
          "sectionItemKey": "9b6f308f-99fc-49ff-8936-87ff0227e26d"
        },
        {
          "inputPort": "input",
          "mapping": "${a9fc522c-6be8-49af-9dec-caa0e7f322f9.ticket_urgency}",
          "sectionItemKey": "5855d50f-bc9f-4893-8fc7-a99520a27a88"
        },
        {
          "inputPort": "input",
          "mapping": "${a9fc522c-6be8-49af-9dec-caa0e7f322f9.ticket.agent.name}",
          "sectionItemKey": "a37c6b51-2a87-40b2-aaf9-63a06d1b8166"
        }
      ]
    }
  ],
  "edges": [
    {
      "fromBlock": "a9fc522c-6be8-49af-9dec-caa0e7f322f9",
      "fromPort": "output",
      "toBlock": "bc814ed8-c91f-401e-b9fd-cb9bd843025f",
      "toPort": "input"
    },
    {
      "fromBlock": "bc814ed8-c91f-401e-b9fd-cb9bd843025f",
      "fromPort": "output",
      "toBlock": "7db5f0b5-7aa3-4d11-8fe4-9253d57cd061",
      "toPort": "input"
    },
    {
      "fromBlock": "3e18c44f-dc5c-4fbf-9e0b-4aaa60290ac0",
      "fromPort": "output",
      "toBlock": "5f51ba03-8ebe-4a57-93d6-616e67783276",
      "toPort": "input"
    },
    {
      "fromBlock": "55e25e76-4faa-408f-a3f2-ff91d4c92875",
      "fromPort": "output",
      "toBlock": "eedab62b-27a7-476c-8ac7-0f6ea0609cc7",
      "toPort": "input"
    }
  ]
}