{
  "integrations": [
    {
      "id": "9eb7b36d-94ff-4330-985d-f68a4d512c6e",
      "name": "Freshservice alert - Device Delivery Updates",
      "action": "RUN_SCRIPT",
      "type": "OUTBOUND_WEBHOOK",
      "triggeredBy": "DELIVERYSTATUS",
      "deployed": true,
      "form": "8bb82c41-3a9e-4c26-b1a3-efae762d70ec",
      "environment": "HOSTED",
      "authType": "NONE",
      "createdBy": "FLOW"
    },
    {
      "id": "c7445de7-d611-4203-b442-1333d0fa0060",
      "name": "Freshservice - Assignment Alert - Acknowledge",
      "action": "RUN_SCRIPT",
      "type": "OUTBOUND_WEBHOOK",
      "triggeredBy": "RESPONSE",
      "responseChoice": "Acknowledge",
      "deployed": true,
      "form": "8bb82c41-3a9e-4c26-b1a3-efae762d70ec",
      "environment": "HOSTED",
      "authType": "NONE",
      "createdBy": "FLOW"
    },
    {
      "id": "d601e152-19a9-47d2-b1f2-09ede6ced5c0",
      "name": "Freshservice - Assignment Alert - Escalate",
      "action": "RUN_SCRIPT",
      "type": "OUTBOUND_WEBHOOK",
      "triggeredBy": "RESPONSE",
      "responseChoice": "Escalate",
      "deployed": true,
      "form": "8bb82c41-3a9e-4c26-b1a3-efae762d70ec",
      "environment": "HOSTED",
      "authType": "NONE",
      "createdBy": "FLOW"
    },
    {
      "id": "8e3f9b11-4b89-4858-9751-3accb3818aa1",
      "name": "Freshservice Assignment Alert - Escalations",
      "action": "RUN_SCRIPT",
      "type": "OUTBOUND_WEBHOOK",
      "triggeredBy": "ESCALATION",
      "deployed": true,
      "form": "8bb82c41-3a9e-4c26-b1a3-efae762d70ec",
      "environment": "HOSTED",
      "authType": "NONE",
      "createdBy": "FLOW"
    },
    {
      "id": "16f5c936-d11b-4c6d-ba42-28c7a222bf9c",
      "name": "Freshservice Assignment Alert - Event Comments",
      "action": "RUN_SCRIPT",
      "type": "OUTBOUND_WEBHOOK",
      "triggeredBy": "ANNOTATION",
      "deployed": true,
      "form": "8bb82c41-3a9e-4c26-b1a3-efae762d70ec",
      "environment": "HOSTED",
      "authType": "NONE",
      "createdBy": "FLOW"
    },
    {
      "id": "d3111e09-4045-46e9-8194-0753b4fdeb5c",
      "name": "Freshservice Assignment Alert - Event Status Updates",
      "action": "RUN_SCRIPT",
      "type": "OUTBOUND_WEBHOOK",
      "triggeredBy": "STATUS",
      "deployed": true,
      "form": "8bb82c41-3a9e-4c26-b1a3-efae762d70ec",
      "environment": "HOSTED",
      "authType": "NONE",
      "createdBy": "FLOW"
    },
    {
      "id": "6e615438-a7a2-4cbf-aee4-ba95dcbba6d3",
      "name": "Freshservice - Assignment Alert - Freshservice inbound",
      "action": "RUN_SCRIPT",
      "type": "INBOUND_WEBHOOK",
      "deployed": true,
      "form": "8bb82c41-3a9e-4c26-b1a3-efae762d70ec",
      "environment": "HOSTED",
      "authType": "URL",
      "createdBy": "FLOW",
      "integrationScriptStepUuid": "992c54e7-454a-4090-bf08-47a423ff9ff5"
    },
    {
      "id": "d99ba9fe-207d-48fb-82e7-89386ea5d1cc",
      "name": "Freshservice - Assignment Alert - Resolve",
      "action": "RUN_SCRIPT",
      "type": "OUTBOUND_WEBHOOK",
      "triggeredBy": "RESPONSE",
      "responseChoice": "Resolve",
      "deployed": true,
      "form": "8bb82c41-3a9e-4c26-b1a3-efae762d70ec",
      "environment": "HOSTED",
      "authType": "NONE",
      "createdBy": "FLOW"
    },
    {
      "id": "df757f38-5f6e-4c5a-b2af-aed367260917",
      "name": "Freshservice - Engage with xMatters - Acknowledge",
      "action": "RUN_SCRIPT",
      "type": "OUTBOUND_WEBHOOK",
      "triggeredBy": "RESPONSE",
      "responseChoice": "Acknowledge",
      "deployed": true,
      "form": "66eea685-a416-4db5-a6ec-db62a7c68b88",
      "environment": "HOSTED",
      "authType": "NONE",
      "createdBy": "FLOW"
    },
    {
      "id": "07840048-1c64-4c64-925a-54920a62ad74",
      "name": "Freshservice - Engage with xMatters - Escalate",
      "action": "RUN_SCRIPT",
      "type": "OUTBOUND_WEBHOOK",
      "triggeredBy": "RESPONSE",
      "responseChoice": "Escalate",
      "deployed": true,
      "form": "66eea685-a416-4db5-a6ec-db62a7c68b88",
      "environment": "HOSTED",
      "authType": "NONE",
      "createdBy": "FLOW"
    },
    {
      "id": "73d4103b-9c31-4130-b643-e46a2bcb681c",
      "name": "Freshservice - Engage with xMatters - Event Comments",
      "action": "RUN_SCRIPT",
      "type": "OUTBOUND_WEBHOOK",
      "triggeredBy": "ANNOTATION",
      "deployed": true,
      "form": "66eea685-a416-4db5-a6ec-db62a7c68b88",
      "environment": "HOSTED",
      "authType": "NONE",
      "createdBy": "FLOW"
    },
    {
      "id": "becf5e76-afe2-4a07-9638-9ea578af13fe",
      "name": "Freshservice - Engage with xMatters - Freshservice inbound",
      "action": "RUN_SCRIPT",
      "type": "INBOUND_WEBHOOK",
      "deployed": true,
      "form": "66eea685-a416-4db5-a6ec-db62a7c68b88",
      "environment": "HOSTED",
      "authType": "URL",
      "createdBy": "FLOW",
      "integrationScriptStepUuid": "992c54e7-454a-4090-bf08-47a423ff9ff5"
    },
    {
      "id": "082b966a-32e0-4b57-9abf-4e0f9671964f",
      "name": "Freshservice - Inform with xMatters - Freshservice inbound",
      "action": "RUN_SCRIPT",
      "type": "INBOUND_WEBHOOK",
      "deployed": true,
      "form": "a6adddcc-b723-4695-abf5-cf91819d6ff6",
      "environment": "HOSTED",
      "authType": "URL",
      "createdBy": "FLOW",
      "integrationScriptStepUuid": "992c54e7-454a-4090-bf08-47a423ff9ff5"
    }
  ],
  "endpoints": [
    {
      "name": "FreshService",
      "baseUrl": "https://domain.freshservice.com",
      "type": "EXTERNAL",
      "authentication": "BASIC"
    }
  ],
  "constants": [
    {
      "name": "Azure Password",
      "value": "Unb64eauH04W",
      "description": ""
    },
    {
      "name": "Azure Username",
      "value": "xMattersAPI@xmattersocto.onmicrosoft.com",
      "description": ""
    },
    {
      "name": "Base Link to FreshService Incident",
      "value": "https://xmatters.freshservice.com/helpdesk/tickets/",
      "description": "has a slash"
    },
    {
      "name": "Teams Application Client ID",
      "value": "09bfd038-1441-4758-9b00-67b1e1c2f406",
      "description": "Teams Application Client ID"
    },
    {
      "name": "Teams Client Secret",
      "value": "Du=6[DX69m5YUiWgL[jIItmf[M6Eqrp1",
      "description": "Teams Client Secret"
    },
    {
      "name": "Teams Directory (Tenant) ID",
      "value": "88cc69ce-e6aa-4459-947e-2ece8e38b4ed",
      "description": "Teams Directory (Tenant) ID"
    }
  ]
}