{
  "integrations": [
    {
      "id": "3726cc1c-a62b-4f54-bede-3fd59a4a1e02",
      "name": "Freshservice alert - Device Delivery Updates",
      "action": "RUN_SCRIPT",
      "type": "OUTBOUND_WEBHOOK",
      "triggeredBy": "DELIVERYSTATUS",
      "deployed": true,
      "form": "4fead525-8587-4d77-ad52-47c6d353dc4f",
      "environment": "HOSTED",
      "authType": "NONE",
      "createdBy": "FLOW"
    },
    {
      "id": "59645815-3504-4f86-9d65-8d469e3cd81c",
      "name": "Freshservice - Assignment Alert - Acknowledge",
      "action": "RUN_SCRIPT",
      "type": "OUTBOUND_WEBHOOK",
      "triggeredBy": "RESPONSE",
      "responseChoice": "Acknowledge",
      "deployed": true,
      "form": "4fead525-8587-4d77-ad52-47c6d353dc4f",
      "environment": "HOSTED",
      "authType": "NONE",
      "createdBy": "FLOW"
    },
    {
      "id": "f3b8b144-7413-40af-9577-b3c191aff23d",
      "name": "Freshservice - Assignment Alert - Escalate",
      "action": "RUN_SCRIPT",
      "type": "OUTBOUND_WEBHOOK",
      "triggeredBy": "RESPONSE",
      "responseChoice": "Escalate",
      "deployed": true,
      "form": "4fead525-8587-4d77-ad52-47c6d353dc4f",
      "environment": "HOSTED",
      "authType": "NONE",
      "createdBy": "FLOW"
    },
    {
      "id": "47ed0c0d-24cc-4599-b38e-9d1194b4dee8",
      "name": "Freshservice Assignment Alert - Escalations",
      "action": "RUN_SCRIPT",
      "type": "OUTBOUND_WEBHOOK",
      "triggeredBy": "ESCALATION",
      "deployed": true,
      "form": "4fead525-8587-4d77-ad52-47c6d353dc4f",
      "environment": "HOSTED",
      "authType": "NONE",
      "createdBy": "FLOW"
    },
    {
      "id": "a24fe3db-f47c-4662-a91e-d343ed1d15dc",
      "name": "Freshservice Assignment Alert - Event Comments",
      "action": "RUN_SCRIPT",
      "type": "OUTBOUND_WEBHOOK",
      "triggeredBy": "ANNOTATION",
      "deployed": true,
      "form": "4fead525-8587-4d77-ad52-47c6d353dc4f",
      "environment": "HOSTED",
      "authType": "NONE",
      "createdBy": "FLOW"
    },
    {
      "id": "2d5ff5ad-0150-4b3e-9591-15c699a3fd83",
      "name": "Freshservice Assignment Alert - Event Status Updates",
      "action": "RUN_SCRIPT",
      "type": "OUTBOUND_WEBHOOK",
      "triggeredBy": "STATUS",
      "deployed": true,
      "form": "4fead525-8587-4d77-ad52-47c6d353dc4f",
      "environment": "HOSTED",
      "authType": "NONE",
      "createdBy": "FLOW"
    },
    {
      "id": "5dad0b96-c494-4857-b073-140120e60208",
      "name": "Freshservice - Assignment Alert - Freshservice inbound",
      "action": "RUN_SCRIPT",
      "type": "INBOUND_WEBHOOK",
      "deployed": true,
      "form": "4fead525-8587-4d77-ad52-47c6d353dc4f",
      "environment": "HOSTED",
      "authType": "URL",
      "createdBy": "FLOW",
      "integrationScriptStepUuid": "0fc11b6b-7c98-493e-93a0-1c5063a4bf3c"
    },
    {
      "id": "54fc6906-2254-48ab-8114-01ef3c0bca7c",
      "name": "Freshservice - Assignment Alert - Resolve",
      "action": "RUN_SCRIPT",
      "type": "OUTBOUND_WEBHOOK",
      "triggeredBy": "RESPONSE",
      "responseChoice": "Resolve",
      "deployed": true,
      "form": "4fead525-8587-4d77-ad52-47c6d353dc4f",
      "environment": "HOSTED",
      "authType": "NONE",
      "createdBy": "FLOW"
    },
    {
      "id": "73235e39-1a47-49e1-8a8e-f83c87fd39e1",
      "name": "Freshservice - Engage with xMatters - Acknowledge",
      "action": "RUN_SCRIPT",
      "type": "OUTBOUND_WEBHOOK",
      "triggeredBy": "RESPONSE",
      "responseChoice": "Acknowledge",
      "deployed": true,
      "form": "eb3abf70-304d-4adc-ab94-9a648b573bbe",
      "environment": "HOSTED",
      "authType": "NONE",
      "createdBy": "FLOW"
    },
    {
      "id": "976c2db8-2e2a-4d90-9bac-fcd0d1df26a6",
      "name": "Freshservice - Engage with xMatters - Escalate",
      "action": "RUN_SCRIPT",
      "type": "OUTBOUND_WEBHOOK",
      "triggeredBy": "RESPONSE",
      "responseChoice": "Escalate",
      "deployed": true,
      "form": "eb3abf70-304d-4adc-ab94-9a648b573bbe",
      "environment": "HOSTED",
      "authType": "NONE",
      "createdBy": "FLOW"
    },
    {
      "id": "8cd405b6-34c0-4f56-b13e-414574739ad3",
      "name": "Freshservice - Engage with xMatters - Event Comments",
      "action": "RUN_SCRIPT",
      "type": "OUTBOUND_WEBHOOK",
      "triggeredBy": "ANNOTATION",
      "deployed": true,
      "form": "eb3abf70-304d-4adc-ab94-9a648b573bbe",
      "environment": "HOSTED",
      "authType": "NONE",
      "createdBy": "FLOW"
    },
    {
      "id": "402e0557-7b50-44e8-97a5-b99bcf1b5a3f",
      "name": "Freshservice - Engage with xMatters - Freshservice inbound",
      "action": "RUN_SCRIPT",
      "type": "INBOUND_WEBHOOK",
      "deployed": true,
      "form": "eb3abf70-304d-4adc-ab94-9a648b573bbe",
      "environment": "HOSTED",
      "authType": "URL",
      "createdBy": "FLOW",
      "integrationScriptStepUuid": "0fc11b6b-7c98-493e-93a0-1c5063a4bf3c"
    },
    {
      "id": "68e7b47d-a647-4f87-be11-8271d89709b6",
      "name": "Freshservice - Inform with xMatters - Freshservice inbound",
      "action": "RUN_SCRIPT",
      "type": "INBOUND_WEBHOOK",
      "deployed": true,
      "form": "c0839a6d-4041-487a-985a-1ad49f88ee27",
      "environment": "HOSTED",
      "authType": "URL",
      "createdBy": "FLOW",
      "integrationScriptStepUuid": "0fc11b6b-7c98-493e-93a0-1c5063a4bf3c"
    }
  ],
  "endpoints": [
    {
      "name": "FreshService",
      "baseUrl": "https://domain.freshservice.com",
      "type": "EXTERNAL",
      "authentication": "BASIC"
    }
  ],
  "constants": [
    {
      "name": "Azure Password",
      "value": "Unb64eauH04W",
      "description": ""
    },
    {
      "name": "Azure Username",
      "value": "xMattersAPI@xmattersocto.onmicrosoft.com",
      "description": ""
    },
    {
      "name": "Base Link to FreshService Incident",
      "value": "https://xmatters.freshservice.com/helpdesk/tickets/",
      "description": "has a slash"
    },
    {
      "name": "Teams Application Client ID",
      "value": "09bfd038-1441-4758-9b00-67b1e1c2f406",
      "description": "Teams Application Client ID"
    },
    {
      "name": "Teams Client Secret",
      "value": "Du=6[DX69m5YUiWgL[jIItmf[M6Eqrp1",
      "description": "Teams Client Secret"
    },
    {
      "name": "Teams Directory (Tenant) ID",
      "value": "88cc69ce-e6aa-4459-947e-2ece8e38b4ed",
      "description": "Teams Directory (Tenant) ID"
    }
  ]
}