{
  "integrations": [
    {
      "id": "1dc01d39-791a-4501-a16a-eb79a104bc3b",
      "name": "Freshservice alert - Device Delivery Updates",
      "action": "RUN_SCRIPT",
      "type": "OUTBOUND_WEBHOOK",
      "triggeredBy": "DELIVERYSTATUS",
      "deployed": true,
      "form": "940c763b-3a02-4d88-9054-85d51b1f9293",
      "environment": "HOSTED",
      "authType": "NONE",
      "createdBy": "FLOW"
    },
    {
      "id": "58fa67b3-382c-4890-9cff-bb110e5b02de",
      "name": "Freshservice - Assignment Alert - Acknowledge",
      "action": "RUN_SCRIPT",
      "type": "OUTBOUND_WEBHOOK",
      "triggeredBy": "RESPONSE",
      "responseChoice": "Acknowledge",
      "deployed": true,
      "form": "940c763b-3a02-4d88-9054-85d51b1f9293",
      "environment": "HOSTED",
      "authType": "NONE",
      "createdBy": "FLOW"
    },
    {
      "id": "cac63c20-1103-487a-bb9c-aaea82a8a663",
      "name": "Freshservice - Assignment Alert - Escalate",
      "action": "RUN_SCRIPT",
      "type": "OUTBOUND_WEBHOOK",
      "triggeredBy": "RESPONSE",
      "responseChoice": "Escalate",
      "deployed": true,
      "form": "940c763b-3a02-4d88-9054-85d51b1f9293",
      "environment": "HOSTED",
      "authType": "NONE",
      "createdBy": "FLOW"
    },
    {
      "id": "17a652b8-59c0-4e89-844d-d4f7eaa157ce",
      "name": "Freshservice Assignment Alert - Escalations",
      "action": "RUN_SCRIPT",
      "type": "OUTBOUND_WEBHOOK",
      "triggeredBy": "ESCALATION",
      "deployed": true,
      "form": "940c763b-3a02-4d88-9054-85d51b1f9293",
      "environment": "HOSTED",
      "authType": "NONE",
      "createdBy": "FLOW"
    },
    {
      "id": "96498fa4-c376-40af-8223-619cc25ad44d",
      "name": "Freshservice Assignment Alert - Event Comments",
      "action": "RUN_SCRIPT",
      "type": "OUTBOUND_WEBHOOK",
      "triggeredBy": "ANNOTATION",
      "deployed": true,
      "form": "940c763b-3a02-4d88-9054-85d51b1f9293",
      "environment": "HOSTED",
      "authType": "NONE",
      "createdBy": "FLOW"
    },
    {
      "id": "1a83c875-ce62-4a56-96fa-507f3f6c9b14",
      "name": "Freshservice Assignment Alert - Event Status Updates",
      "action": "RUN_SCRIPT",
      "type": "OUTBOUND_WEBHOOK",
      "triggeredBy": "STATUS",
      "deployed": true,
      "form": "940c763b-3a02-4d88-9054-85d51b1f9293",
      "environment": "HOSTED",
      "authType": "NONE",
      "createdBy": "FLOW"
    },
    {
      "id": "91ab2d12-90ef-40ba-a104-2429e2c6031a",
      "name": "Freshservice - Assignment Alert - Freshservice inbound",
      "action": "RUN_SCRIPT",
      "type": "INBOUND_WEBHOOK",
      "deployed": true,
      "form": "940c763b-3a02-4d88-9054-85d51b1f9293",
      "environment": "HOSTED",
      "authType": "URL",
      "createdBy": "FLOW",
      "integrationScriptStepUuid": "0fc11b6b-7c98-493e-93a0-1c5063a4bf3c"
    },
    {
      "id": "c6ca33eb-a0a0-42fb-b458-aeecfad63b1c",
      "name": "Freshservice - Assignment Alert - Resolve",
      "action": "RUN_SCRIPT",
      "type": "OUTBOUND_WEBHOOK",
      "triggeredBy": "RESPONSE",
      "responseChoice": "Resolve",
      "deployed": true,
      "form": "940c763b-3a02-4d88-9054-85d51b1f9293",
      "environment": "HOSTED",
      "authType": "NONE",
      "createdBy": "FLOW"
    },
    {
      "id": "8486b061-392d-4640-9210-955bfba1af8b",
      "name": "Freshservice - Engage with xMatters - Acknowledge",
      "action": "RUN_SCRIPT",
      "type": "OUTBOUND_WEBHOOK",
      "triggeredBy": "RESPONSE",
      "responseChoice": "Acknowledge",
      "deployed": true,
      "form": "cd4630d7-2d39-48cb-ba3d-1eebd13f3589",
      "environment": "HOSTED",
      "authType": "NONE",
      "createdBy": "FLOW"
    },
    {
      "id": "c8522668-f8c2-49d6-a806-232eba76d583",
      "name": "Freshservice - Engage with xMatters - Escalate",
      "action": "RUN_SCRIPT",
      "type": "OUTBOUND_WEBHOOK",
      "triggeredBy": "RESPONSE",
      "responseChoice": "Escalate",
      "deployed": true,
      "form": "cd4630d7-2d39-48cb-ba3d-1eebd13f3589",
      "environment": "HOSTED",
      "authType": "NONE",
      "createdBy": "FLOW"
    },
    {
      "id": "f98e5866-7123-4b45-97c4-ebb806491e0e",
      "name": "Freshservice - Engage with xMatters - Event Comments",
      "action": "RUN_SCRIPT",
      "type": "OUTBOUND_WEBHOOK",
      "triggeredBy": "ANNOTATION",
      "deployed": true,
      "form": "cd4630d7-2d39-48cb-ba3d-1eebd13f3589",
      "environment": "HOSTED",
      "authType": "NONE",
      "createdBy": "FLOW"
    },
    {
      "id": "070c1e6b-667f-4cf4-9852-e8a11626f1e3",
      "name": "Freshservice - Engage with xMatters - Freshservice inbound",
      "action": "RUN_SCRIPT",
      "type": "INBOUND_WEBHOOK",
      "deployed": true,
      "form": "cd4630d7-2d39-48cb-ba3d-1eebd13f3589",
      "environment": "HOSTED",
      "authType": "URL",
      "createdBy": "FLOW",
      "integrationScriptStepUuid": "0fc11b6b-7c98-493e-93a0-1c5063a4bf3c"
    },
    {
      "id": "49ee0ee5-a618-4836-b3e5-8cf497702280",
      "name": "Freshservice - Inform with xMatters - Freshservice inbound",
      "action": "RUN_SCRIPT",
      "type": "INBOUND_WEBHOOK",
      "deployed": true,
      "form": "a5e6a396-ce63-4b46-aefd-68319c290e58",
      "environment": "HOSTED",
      "authType": "URL",
      "createdBy": "FLOW",
      "integrationScriptStepUuid": "0fc11b6b-7c98-493e-93a0-1c5063a4bf3c"
    }
  ],
  "endpoints": [
    {
      "name": "FreshService",
      "baseUrl": "https://domain.freshservice.com",
      "type": "EXTERNAL",
      "authentication": "BASIC"
    }
  ],
  "constants": [
    {
      "name": "Azure Password",
      "value": "Unb64eauH04W",
      "description": ""
    },
    {
      "name": "Azure Username",
      "value": "xMattersAPI@xmattersocto.onmicrosoft.com",
      "description": ""
    },
    {
      "name": "Base Link to FreshService Incident",
      "value": "https://xmatters.freshservice.com/helpdesk/tickets/",
      "description": "has a slash"
    },
    {
      "name": "Teams Application Client ID",
      "value": "09bfd038-1441-4758-9b00-67b1e1c2f406",
      "description": "Teams Application Client ID"
    },
    {
      "name": "Teams Client Secret",
      "value": "Du=6[DX69m5YUiWgL[jIItmf[M6Eqrp1",
      "description": "Teams Client Secret"
    },
    {
      "name": "Teams Directory (Tenant) ID",
      "value": "88cc69ce-e6aa-4459-947e-2ece8e38b4ed",
      "description": "Teams Directory (Tenant) ID"
    }
  ]
}