[
  {
    "id": "a26a6fb8-0b42-427f-a335-91bb061b4713",
    "name": "FreshService - Create Note",
    "description": "",
    "icon": "https://s3-xmatters-static.s3.amazonaws.com/null/customers/c7ec6115-b3a8-4568-a32f-bd79a16602fe/IMAGE__20200326153450415__freshservice.png",
    "script": "console.log(\"****************STARTING MAKING COMMENT STEP\")\n\nvar longincId = input['Ticket ID'].split(\"-\");\nvar short_id = longincId[1];\n\nvar bool = (input['Make Comment Private'] && input['Make Comment Private'].toLowerCase() == \"true\" ? true : false);\n\nvar apiRequest = http.request({\n    'endpoint': 'FreshService',\n    'path': '/api/v2/tickets/' + short_id + '/notes',\n    'method': 'POST'\n});\n\nvar payload = {\n\t\"body\": (input['Comment']),\n\t\"private\": bool\n};\n\nvar apiResponse = apiRequest.write(payload);\nif (apiResponse.statusCode == 200) {\n    var commentsomething = JSON.parse(apiResponse.body);\n}\n\n\n\n\n\n",
    "endpointLabel": "FreshService",
    "allowedEnvironment": "HOSTED",
    "accessibleByAll": "NotShared",
    "scriptStepType": "USER",
    "inputs": [
      {
        "id": "9e7e42fe-a5a9-4fe6-b5dd-d2a221542ed5",
        "name": "Ticket ID",
        "helpText": "",
        "defaultValue": "",
        "multiline": false,
        "required": false,
        "validationRegex": "",
        "maxLength": 2000,
        "minLength": 0,
        "position": 0
      },
      {
        "id": "1dcb1d7e-f337-47c6-bef1-e8355b1e71d2",
        "name": "Comment",
        "helpText": "Content of the note in HTML format",
        "defaultValue": "",
        "multiline": true,
        "required": false,
        "validationRegex": "",
        "maxLength": 2000,
        "minLength": 0,
        "position": 1
      },
      {
        "id": "d4893624-7ef1-4e69-80d2-8d970de5590b",
        "name": "Make Comment Private",
        "helpText": "Type of comment to add: set to \"false\" to add a public reply or \"true\" to add an internal note.",
        "defaultValue": "true",
        "multiline": false,
        "required": false,
        "validationRegex": "",
        "maxLength": 2000,
        "minLength": 0,
        "position": 2
      }
    ],
    "outputs": [
      {
        "id": "69a1798b-49c0-4f2b-a97d-6536758a0893",
        "name": "conversation_id",
        "description": "",
        "position": 0
      }
    ],
    "libraries": []
  },
  {
    "id": "0fc11b6b-7c98-493e-93a0-1c5063a4bf3c",
    "name": "Freshservice inbound",
    "description": "",
    "icon": "https://s3-xmatters-static.s3.amazonaws.com/null/customers/c7ec6115-b3a8-4568-a32f-bd79a16602fe/IMAGE__20200326153450415__freshservice.png",
    "script": "\nvar payload = JSON.parse(request.body);  //Use this if the payload is a JSON object in the request body\n\nconsole.log(payload)\n\noutput['ticket_id'] = payload.freshdesk_webhook.ticket_id;\noutput['ticket_description'] = payload.freshdesk_webhook.ticket_description;\noutput['ticket_url'] = payload.freshdesk_webhook.ticket_url;\noutput['ticket_public_url'] = payload.freshdesk_webhook.ticket_public_url;\noutput['ticket_tags'] = payload.freshdesk_webhook.ticket_tags;\noutput['ticket_group_name'] = payload.freshdesk_webhook.ticket_group_name;\noutput['ticket_priority'] = payload.freshdesk_webhook.ticket_priority;\noutput['ticket_type'] = payload.freshdesk_webhook.ticket_type;\noutput['ticket_urgency'] = payload.freshdesk_webhook.ticket_urgency;\noutput['ticket_impact'] = payload.freshdesk_webhook.ticket_impact;\noutput['ticket_category'] = payload.freshdesk_webhook.ticket_category;\noutput['ticket_requester_name'] = payload.freshdesk_webhook.ticket_requester_name;\noutput['ticket_subject'] = payload.freshdesk_webhook.ticket_subject;\noutput['current_date_and_time'] = payload.freshdesk_webhook.current_date_and_time;\noutput['ticket.agent.name'] = payload.freshdesk_webhook.ticket_agent_name;\noutput['ticket_latest_public_comment'] = payload.freshdesk_webhook.ticket_latest_public_comment;\noutput['ticket.created.at'] = payload.freshdesk_webhook.created_at;\noutput['ticket_status'] = payload.freshdesk_webhook.ticket_status\n",
    "endpointLabel": "",
    "allowedEnvironment": "HOSTED",
    "accessibleByAll": "NotShared",
    "triggerAuthType": "URL_AUTH",
    "scriptStepType": "CUSTOM_HTTP",
    "inputs": [],
    "outputs": [
      {
        "id": "cd3035eb-e9bd-478a-902c-4aa071158049",
        "name": "ticket_id",
        "description": "",
        "position": 0
      },
      {
        "id": "252e87e0-b400-4bdd-b1be-41b8ae575acd",
        "name": "ticket_description",
        "description": "",
        "position": 1
      },
      {
        "id": "81c53043-2046-46ec-b742-bc77b836883b",
        "name": "ticket_url",
        "description": "",
        "position": 2
      },
      {
        "id": "b71de72a-0b13-46b7-833a-e67aa4ef5bf5",
        "name": "ticket_public_url",
        "description": "",
        "position": 3
      },
      {
        "id": "22d2877c-9297-4099-8cc5-87d4862142df",
        "name": "ticket_tags",
        "description": "",
        "position": 4
      },
      {
        "id": "e1346016-d3d1-40b7-9bd6-c122e9fc8a10",
        "name": "ticket_group_name",
        "description": "",
        "position": 5
      },
      {
        "id": "d8553d61-8bcc-4b02-bea2-8aed1f09194d",
        "name": "ticket_priority",
        "description": "",
        "position": 6
      },
      {
        "id": "2d852091-ab36-4ace-99e0-898259c68bde",
        "name": "ticket_type",
        "description": "",
        "position": 7
      },
      {
        "id": "5243ebd4-03d7-4ff5-8051-afceb21a0905",
        "name": "ticket_urgency",
        "description": "",
        "position": 8
      },
      {
        "id": "6cb002f3-cfee-4dbb-ae04-f99b6750435f",
        "name": "ticket_impact",
        "description": "",
        "position": 9
      },
      {
        "id": "df810a86-1802-4a62-9a71-99d2783acbd0",
        "name": "ticket_category",
        "description": "",
        "position": 10
      },
      {
        "id": "1f9ed333-6776-4259-a1ef-f5f419bb4d54",
        "name": "ticket_requester_name",
        "description": "",
        "position": 11
      },
      {
        "id": "c71c0b15-a760-4686-9174-9d39156d0483",
        "name": "ticket_subject",
        "description": "",
        "position": 12
      },
      {
        "id": "ab64c60f-f098-4f5f-b803-f8fbb7e14fbb",
        "name": "current_date_and_time",
        "description": "",
        "position": 13
      },
      {
        "id": "079e1134-35ea-40bf-b106-df8df258d794",
        "name": "ticket.agent.name",
        "description": "",
        "position": 14
      },
      {
        "id": "5575e9cf-40ba-47b1-87e4-2b5010d63b1f",
        "name": "ticket_latest_public_comment",
        "description": "",
        "position": 15
      },
      {
        "id": "5bde88e2-777d-4ff6-8db3-6511aedb30c5",
        "name": "ticket_status",
        "description": "",
        "position": 16
      },
      {
        "id": "1ddafddc-b768-4965-a319-0da6a98d1d68",
        "name": "ticket.created.at",
        "description": "",
        "position": 17
      }
    ],
    "libraries": []
  },
  {
    "id": "25f2b6bd-79cc-4dc8-92cc-cd4b66d8d9ad",
    "name": "Freshservice - Parse Note",
    "description": "This step is needed to parse out the HTML part of the Freshservice Note",
    "icon": "https://s3-xmatters-static.s3.amazonaws.com/null/customers/c7ec6115-b3a8-4568-a32f-bd79a16602fe/IMAGE__20200326153450415__freshservice.png",
    "script": "mystring = input['last_public_comment'];\n\n//setup regex to find the html tags and new lines\nre = new RegExp('(<[^>]+>|\\\\n)', 'gs');\n\n//this is using the regex and replacing matches with '' then spliting the result at the ' : ' string.\nmyNewString = mystring.replace(re, '').split(' : ');\n\noutput['agent_commenter'] = myNewString[0];\noutput['note'] = myNewString[1];\n\n",
    "endpointLabel": "",
    "allowedEnvironment": "HOSTED",
    "accessibleByAll": "NotShared",
    "scriptStepType": "USER",
    "inputs": [
      {
        "id": "e6f032dc-211c-47fb-86fa-81a29114c0ad",
        "name": "last_public_comment",
        "helpText": "Content of the note in HTML format",
        "defaultValue": "",
        "multiline": true,
        "required": false,
        "validationRegex": "",
        "maxLength": 2000,
        "minLength": 0,
        "position": 0
      }
    ],
    "outputs": [
      {
        "id": "4c7d85c6-a2ba-4d5e-b5a0-db7f0c4b2cc1",
        "name": "agent_commenter",
        "description": "",
        "position": 0
      },
      {
        "id": "e9f633c1-e03a-4566-b75c-8f46f949a47b",
        "name": "note",
        "description": "",
        "position": 1
      }
    ],
    "libraries": []
  },
  {
    "id": "3a982994-2ccb-4bd3-be3f-0a99b53c9376",
    "name": "FreshService - Update Incident",
    "description": "",
    "icon": "https://s3-xmatters-static.s3.amazonaws.com/null/customers/c7ec6115-b3a8-4568-a32f-bd79a16602fe/IMAGE__20200326153450415__freshservice.png",
    "script": "console.log(\"****************STARTING UPDATING TICKET STEP\")\n\nvar freshServiceHelper = require('freshServiceHelper');\n\nconsole.log(\"****************GETTING UNIQUE AGENT ID\")\nvar apiRequest = http.request({\n    'endpoint': 'FreshService',\n    'path': '/api/v2/agents?email=' + input['Agent Email'],\n    'method': 'GET'\n});\n\nvar apiResponse = apiRequest.write();\nif (apiResponse.statusCode >= 200 && apiResponse.statusCode < 300) {\n    var response = JSON.parse(apiResponse.body);\n    console.log(response);\n}\n\nvar uniqueId = response.agents[0].id;\nconsole.log(uniqueId)\n//output['Agent_ID'] = uniqueId\n\nvar longincId = input['Ticket ID'].split(\"-\");\nvar short_id = longincId[1];\n\nconsole.log(\"****************UPDATING INCIDENT WITH INPUTS\")\n\nvar apiRequest2 = http.request({\n    'endpoint': 'FreshService',\n    'path': '/api/v2/tickets/' + short_id,\n    'method': 'PUT'\n});\n\nvar payload = {\n    \"responder_id\": uniqueId,\n    \"priority\": freshServiceHelper.stringToInteger(input['Priority']),\n    \"status\": parseInt(input['Status']),\n    \"urgency\": freshServiceHelper.stringToInteger(input['Urgency']),\n    \"impact\": freshServiceHelper.stringToInteger(input['Impact']),\n\t\"description\": input['Description'],\n\t\"subject\": input['Subject']\n};\n\nvar apiResponse2 = apiRequest2.write(payload);\nif (apiResponse2.statusCode >= 200 && apiResponse2.statusCode < 300) {\n    var something = JSON.parse(apiResponse2.body);\n}\n\n",
    "endpointLabel": "FreshService",
    "allowedEnvironment": "HOSTED",
    "accessibleByAll": "NotShared",
    "scriptStepType": "USER",
    "inputs": [
      {
        "id": "2420207a-0f3a-48f3-831b-f9f004505310",
        "name": "Ticket ID",
        "helpText": "",
        "defaultValue": "",
        "multiline": false,
        "required": false,
        "validationRegex": "",
        "maxLength": 2000,
        "minLength": 0,
        "position": 0
      },
      {
        "id": "7b9cb607-eaa5-4d72-80b1-b490fb135cdd",
        "name": "Agent Email",
        "helpText": "Freshservice Email for an Agent to look up ID [Can use xMatters \"Work Email\" look up step]",
        "defaultValue": "",
        "multiline": false,
        "required": false,
        "validationRegex": "",
        "maxLength": 2000,
        "minLength": 0,
        "position": 1
      },
      {
        "id": "5994e9d6-2103-464f-83bb-4c151528ad6f",
        "name": "Status",
        "helpText": "(2 = Open, 3 = Pending, 4 = Resolved, 5 = Closed)",
        "defaultValue": "",
        "multiline": false,
        "required": false,
        "validationRegex": "",
        "maxLength": 2000,
        "minLength": 0,
        "position": 2
      },
      {
        "id": "aafdd049-e857-4cef-856b-68da79368324",
        "name": "Subject",
        "helpText": "",
        "defaultValue": "",
        "multiline": false,
        "required": false,
        "validationRegex": "",
        "maxLength": 2000,
        "minLength": 0,
        "position": 3
      },
      {
        "id": "af9f7edb-4a31-4e25-898a-2976ab30498e",
        "name": "Description",
        "helpText": "Content of the note in HTML format",
        "defaultValue": "",
        "multiline": true,
        "required": false,
        "validationRegex": "",
        "maxLength": 2000,
        "minLength": 0,
        "position": 4
      },
      {
        "id": "18ab9be1-f715-4923-b857-25e87f9b320b",
        "name": "Priority",
        "helpText": "(Low, Medium, High, Urgent)",
        "defaultValue": "",
        "multiline": false,
        "required": false,
        "validationRegex": "",
        "maxLength": 2000,
        "minLength": 0,
        "position": 5
      },
      {
        "id": "7a82cf04-f36c-41ca-8ea2-012f033ddaca",
        "name": "Urgency",
        "helpText": "(Low, Medium, High)",
        "defaultValue": "",
        "multiline": false,
        "required": false,
        "validationRegex": "",
        "maxLength": 2000,
        "minLength": 0,
        "position": 6
      },
      {
        "id": "b73c758f-a1c4-48c4-bcb3-e2fb1528e332",
        "name": "Impact",
        "helpText": "(Low, Medium, High)",
        "defaultValue": "",
        "multiline": false,
        "required": false,
        "validationRegex": "",
        "maxLength": 2000,
        "minLength": 0,
        "position": 7
      }
    ],
    "outputs": [],
    "libraries": [
      {
        "id": "d643c83d-a69c-4ecf-9379-95d9e8bc5ab2",
        "referenceName": "freshServiceHelper",
        "library": {
          "id": "63411d48-893f-430f-805e-3144c14888ac",
          "name": "freshServiceHelper - 1 - 1",
          "script": "/*\n * Libraries allow you to write code and reuse it in multiple steps in Flow Designer.\n * This example shows you how to add a new function named 'createGreeting'.\n * To use this function in a script, include the following statements, \n * replacing 'hello world' with the library's reference name.\n \n * You can give each library a reference name when you select it to include it to a script.\n\n * var helloWorld = require('hello world');\n * output['Message'] = helloWorld.createGreeting('Dolly');   // \"Hello, Dolly\"\n\n * You cannot require one library in another library.\n */\n \nexports.stringToInteger = function(name) {\nvar number = 0;    \n    switch(name.toLowerCase()) {\n  case \"low\":\n    number = 1;\n    break;\n  case \"medium\":\n    number = 2;\n    break;\n  case \"high\":\n    number = 3;\n    break;\n  case \"urgent\":\n    number = 4;\n  break;\n}\nreturn number;\n}",
          "accessibleByAll": "NotShared"
        }
      }
    ]
  },
  {
    "id": "b84d2b78-ef5a-4a54-91a9-f8de35294865",
    "name": "xMatters - Get a Persons Work Devices",
    "description": "Step to get Work Device for the person who responded",
    "icon": "/static/images/script_steps/binoculars.png",
    "script": "console.log(\"****************GETTING WORK EMAIL FROM XMATTERS USER WHO RESPONDED\")\n\nvar apiRequest = http.request({\n    'endpoint': 'xMatters',\n    'path': '/api/xm/1/people/' + input['personID'] + \"/devices\",\n    'method': 'GET'\n});\nvar apiResponse = apiRequest.write();\nvar device_list = \"\";\noutput['statusCode'] = apiResponse.statusCode;    \nif (apiResponse.statusCode >= 200 && apiResponse.statusCode < 300) {\n    var response = JSON.parse(apiResponse.body);\n    for (var dev in response.data) {\n        if( response.data[dev].deviceType == \"EMAIL\" && response.data[dev].name == \"Work Email\"){\n            output['Work Email'] = response.data[dev].emailAddress;\n        }\n        if( response.data[dev].deviceType == \"EMAIL\" && response.data[dev].name == \"Home Email\"){\n            output['Home Email'] = response.data[dev].emailAddress;\n        }\n    }\n}",
    "endpointAuthType": "XMATTERS",
    "endpointLabel": "xMatters",
    "allowedEnvironment": "HOSTED",
    "accessibleByAll": "NotShared",
    "scriptStepType": "USER",
    "inputs": [
      {
        "id": "a76e7fa1-c946-48a8-8f59-d6aef77b80b3",
        "name": "personID",
        "helpText": "",
        "defaultValue": "",
        "multiline": false,
        "required": false,
        "maxLength": 2000,
        "minLength": 0,
        "position": 0
      }
    ],
    "outputs": [
      {
        "id": "863d26e9-105d-44a0-9620-12cbcd2224b3",
        "name": "output['Work Email']",
        "position": 0
      },
      {
        "id": "8c5af812-acf6-497b-a1b8-7915c23f7433",
        "name": "output['Home Email']",
        "position": 1
      },
      {
        "id": "8065ad97-f1a8-4c9c-a339-7ae6c64a6f48",
        "name": "output['statusCode']",
        "position": 2
      }
    ],
    "libraries": []
  }
]