[
  {
    "id": "39727dfc-08f3-4c8e-8e8d-e67264d4d7d8",
    "name": "FreshService - Create Note",
    "description": "",
    "icon": "https://s3-xmatters-static.s3.amazonaws.com/null/customers/c7ec6115-b3a8-4568-a32f-bd79a16602fe/IMAGE__20200326153450415__freshservice.png",
    "script": "console.log(\"****************STARTING MAKING COMMENT STEP\")\n\nvar longincId = input['Ticket ID'].split(\"-\");\nvar short_id = longincId[1];\n\nvar bool = (input['Make Comment Private'] && input['Make Comment Private'].toLowerCase() == \"true\" ? true : false);\n\nvar apiRequest = http.request({\n    'endpoint': 'FreshService',\n    'path': '/api/v2/tickets/' + short_id + '/notes',\n    'method': 'POST'\n});\n\nvar payload = {\n\t\"body\": (input['Comment']),\n\t\"private\": bool\n};\n\nvar apiResponse = apiRequest.write(payload);\nif (apiResponse.statusCode == 200) {\n    var commentsomething = JSON.parse(apiResponse.body);\n}\n\n\n\n\n\n",
    "endpointLabel": "FreshService",
    "allowedEnvironment": "HOSTED",
    "accessibleByAll": "NotShared",
    "scriptStepType": "USER",
    "inputs": [
      {
        "id": "fdc07f15-b398-48ee-ad8c-9f5f2f44b817",
        "name": "Ticket ID",
        "helpText": "",
        "defaultValue": "",
        "multiline": false,
        "required": false,
        "validationRegex": "",
        "maxLength": 2000,
        "minLength": 0,
        "position": 0
      },
      {
        "id": "b4a5915d-1972-4071-bd63-e36fa206d59a",
        "name": "Comment",
        "helpText": "Content of the note in HTML format",
        "defaultValue": "",
        "multiline": true,
        "required": false,
        "validationRegex": "",
        "maxLength": 2000,
        "minLength": 0,
        "position": 1
      },
      {
        "id": "66930782-5aef-4257-87a3-69e65ddc4b1c",
        "name": "Make Comment Private",
        "helpText": "Type of comment to add: set to \"false\" to add a public reply or \"true\" to add an internal note.",
        "defaultValue": "true",
        "multiline": false,
        "required": false,
        "validationRegex": "",
        "maxLength": 2000,
        "minLength": 0,
        "position": 2
      }
    ],
    "outputs": [
      {
        "id": "de986311-3661-4a8d-b4ab-bbdf88512a1a",
        "name": "conversation_id",
        "description": "",
        "position": 0
      }
    ],
    "libraries": []
  },
  {
    "id": "992c54e7-454a-4090-bf08-47a423ff9ff5",
    "name": "Freshservice inbound",
    "description": "",
    "icon": "https://s3-xmatters-static.s3.amazonaws.com/null/customers/c7ec6115-b3a8-4568-a32f-bd79a16602fe/IMAGE__20200326153450415__freshservice.png",
    "script": "\nvar payload = JSON.parse(request.body);  //Use this if the payload is a JSON object in the request body\n\nconsole.log(payload)\n\noutput['ticket_id'] = payload.freshdesk_webhook.ticket_id;\noutput['ticket_description'] = payload.freshdesk_webhook.ticket_description;\noutput['ticket_url'] = payload.freshdesk_webhook.ticket_url;\noutput['ticket_public_url'] = payload.freshdesk_webhook.ticket_public_url;\noutput['ticket_tags'] = payload.freshdesk_webhook.ticket_tags;\noutput['ticket_group_name'] = payload.freshdesk_webhook.ticket_group_name;\noutput['ticket_priority'] = payload.freshdesk_webhook.ticket_priority;\noutput['ticket_type'] = payload.freshdesk_webhook.ticket_type;\noutput['ticket_urgency'] = payload.freshdesk_webhook.ticket_urgency;\noutput['ticket_impact'] = payload.freshdesk_webhook.ticket_impact;\noutput['ticket_category'] = payload.freshdesk_webhook.ticket_category;\noutput['ticket_requester_name'] = payload.freshdesk_webhook.ticket_requester_name;\noutput['ticket_subject'] = payload.freshdesk_webhook.ticket_subject;\noutput['current_date_and_time'] = payload.freshdesk_webhook.current_date_and_time;\noutput['ticket.agent.name'] = payload.freshdesk_webhook.ticket_agent_name;\noutput['ticket_latest_public_comment'] = payload.freshdesk_webhook.ticket_latest_public_comment;\noutput['ticket.created.at'] = payload.freshdesk_webhook.created_at;\noutput['ticket_status'] = payload.freshdesk_webhook.ticket_status\n",
    "endpointLabel": "",
    "allowedEnvironment": "HOSTED",
    "accessibleByAll": "NotShared",
    "triggerAuthType": "URL_AUTH",
    "scriptStepType": "CUSTOM_HTTP",
    "inputs": [],
    "outputs": [
      {
        "id": "e37b3cb7-eb36-4586-be36-caa7da25b465",
        "name": "ticket_id",
        "description": "",
        "position": 0
      },
      {
        "id": "1d7f2d86-d312-496a-abc3-6e43f0970609",
        "name": "ticket_description",
        "description": "",
        "position": 1
      },
      {
        "id": "3cf8e0df-12d9-4d63-a0a6-88533c1983e8",
        "name": "ticket_url",
        "description": "",
        "position": 2
      },
      {
        "id": "324a3e7e-9ee7-46a9-9e7a-6ac3cb792d49",
        "name": "ticket_public_url",
        "description": "",
        "position": 3
      },
      {
        "id": "4cc49a86-81a5-4ece-a31e-b7efccf6224f",
        "name": "ticket_tags",
        "description": "",
        "position": 4
      },
      {
        "id": "2516745a-8721-4836-9762-fe1999828e30",
        "name": "ticket_group_name",
        "description": "",
        "position": 5
      },
      {
        "id": "2b918ced-0127-4e92-8a62-67775f544aa8",
        "name": "ticket_priority",
        "description": "",
        "position": 6
      },
      {
        "id": "c7e9acbf-79ac-40c0-90df-ce21f2b90b6e",
        "name": "ticket_type",
        "description": "",
        "position": 7
      },
      {
        "id": "a84acadb-4340-49c0-a542-040cb26e0b8b",
        "name": "ticket_urgency",
        "description": "",
        "position": 8
      },
      {
        "id": "12b71416-554c-4107-9121-ece7ebb8d953",
        "name": "ticket_impact",
        "description": "",
        "position": 9
      },
      {
        "id": "7f3f3153-59b0-4ba8-b1ce-c7529380122b",
        "name": "ticket_category",
        "description": "",
        "position": 10
      },
      {
        "id": "4eaa4e5a-b086-49a5-9ca2-57cfac895001",
        "name": "ticket_requester_name",
        "description": "",
        "position": 11
      },
      {
        "id": "2384a3aa-7bdd-475f-80aa-0965ff2630d9",
        "name": "ticket_subject",
        "description": "",
        "position": 12
      },
      {
        "id": "69392f42-11db-46c9-954f-364b18290810",
        "name": "current_date_and_time",
        "description": "",
        "position": 13
      },
      {
        "id": "86f0e41c-fe8f-4066-aae7-31f94f12e7f8",
        "name": "ticket.agent.name",
        "description": "",
        "position": 14
      },
      {
        "id": "0176932b-0e74-4cb4-aaf9-9d0e4aacfdaf",
        "name": "ticket_latest_public_comment",
        "description": "",
        "position": 15
      },
      {
        "id": "a5c09fd8-611d-42e0-bdda-3d632e506675",
        "name": "ticket_status",
        "description": "",
        "position": 16
      },
      {
        "id": "1c705d4b-9d77-4922-935a-f957bfbe3da6",
        "name": "ticket.created.at",
        "description": "",
        "position": 17
      }
    ],
    "libraries": []
  },
  {
    "id": "fe1282a1-8d90-4cf4-8083-d2ac6ccccaea",
    "name": "Freshservice - Parse Note",
    "description": "This step is needed to parse out the HTML part of the Freshservice Note",
    "icon": "https://s3-xmatters-static.s3.amazonaws.com/null/customers/c7ec6115-b3a8-4568-a32f-bd79a16602fe/IMAGE__20200326153450415__freshservice.png",
    "script": "mystring = input['last_public_comment'];\n\n//setup regex to find the html tags and new lines\nre = new RegExp('(<[^>]+>|\\\\n)', 'gs');\n\n//this is using the regex and replacing matches with '' then spliting the result at the ' : ' string.\nmyNewString = mystring.replace(re, '').split(' : ');\n\noutput['agent_commenter'] = myNewString[0];\noutput['note'] = myNewString[1];\n\n",
    "endpointLabel": "",
    "allowedEnvironment": "HOSTED",
    "accessibleByAll": "NotShared",
    "scriptStepType": "USER",
    "inputs": [
      {
        "id": "235ce393-aee6-4fb7-ba8b-27d7593d7049",
        "name": "last_public_comment",
        "helpText": "Content of the note in HTML format",
        "defaultValue": "",
        "multiline": true,
        "required": false,
        "validationRegex": "",
        "maxLength": 2000,
        "minLength": 0,
        "position": 0
      }
    ],
    "outputs": [
      {
        "id": "b529b1cd-89ee-45da-b13f-d18e586aa622",
        "name": "agent_commenter",
        "description": "",
        "position": 0
      },
      {
        "id": "c99c1e6e-1161-4c8f-8ab0-9ac2c29ef947",
        "name": "note",
        "description": "",
        "position": 1
      }
    ],
    "libraries": []
  },
  {
    "id": "135ef5e1-7648-46dd-a95c-506e5a9fd33b",
    "name": "FreshService - Update Incident",
    "description": "",
    "icon": "https://s3-xmatters-static.s3.amazonaws.com/null/customers/c7ec6115-b3a8-4568-a32f-bd79a16602fe/IMAGE__20200326153450415__freshservice.png",
    "script": "console.log(\"****************STARTING UPDATING TICKET STEP\")\n\nvar freshServiceHelper = require('freshServiceHelper');\n\nconsole.log(\"****************GETTING UNIQUE AGENT ID\")\nvar apiRequest = http.request({\n    'endpoint': 'FreshService',\n    'path': '/api/v2/agents?email=' + input['Agent Email'],\n    'method': 'GET'\n});\n\nvar apiResponse = apiRequest.write();\nif (apiResponse.statusCode >= 200 && apiResponse.statusCode < 300) {\n    var response = JSON.parse(apiResponse.body);\n    console.log(response);\n}\n\nvar uniqueId = response.agents[0].id;\nconsole.log(uniqueId)\n//output['Agent_ID'] = uniqueId\n\nvar longincId = input['Ticket ID'].split(\"-\");\nvar short_id = longincId[1];\n\nconsole.log(\"****************UPDATING INCIDENT WITH INPUTS\")\n\nvar apiRequest2 = http.request({\n    'endpoint': 'FreshService',\n    'path': '/api/v2/tickets/' + short_id,\n    'method': 'PUT'\n});\n\nvar payload = {\n    \"responder_id\": uniqueId,\n    \"priority\": freshServiceHelper.stringToInteger(input['Priority']),\n    \"status\": parseInt(input['Status']),\n    \"urgency\": freshServiceHelper.stringToInteger(input['Urgency']),\n    \"impact\": freshServiceHelper.stringToInteger(input['Impact']),\n\t\"description\": input['Description'],\n\t\"subject\": input['Subject']\n};\n\nvar apiResponse2 = apiRequest2.write(payload);\nif (apiResponse2.statusCode >= 200 && apiResponse2.statusCode < 300) {\n    var something = JSON.parse(apiResponse2.body);\n}\n\n",
    "endpointLabel": "FreshService",
    "allowedEnvironment": "HOSTED",
    "accessibleByAll": "NotShared",
    "scriptStepType": "USER",
    "inputs": [
      {
        "id": "8bf690ae-35b5-4f74-85c8-8c98f45edc0d",
        "name": "Ticket ID",
        "helpText": "",
        "defaultValue": "",
        "multiline": false,
        "required": false,
        "validationRegex": "",
        "maxLength": 2000,
        "minLength": 0,
        "position": 0
      },
      {
        "id": "1298d5e8-d78a-4d1d-80f1-157108a8c514",
        "name": "Agent Email",
        "helpText": "Freshservice Email for an Agent to look up ID [can use respondedto.by.targetname)@domain.com",
        "defaultValue": "",
        "multiline": false,
        "required": false,
        "validationRegex": "",
        "maxLength": 2000,
        "minLength": 0,
        "position": 1
      },
      {
        "id": "0c9756b6-887c-4dda-89d6-b0f21167c8ae",
        "name": "Status",
        "helpText": "(2 = Open, 3 = Pending, 4 = Resolved, 5 = Closed)",
        "defaultValue": "",
        "multiline": false,
        "required": false,
        "validationRegex": "",
        "maxLength": 2000,
        "minLength": 0,
        "position": 2
      },
      {
        "id": "496d9540-b413-4a44-aca8-73d877276618",
        "name": "Subject",
        "helpText": "",
        "defaultValue": "",
        "multiline": false,
        "required": false,
        "validationRegex": "",
        "maxLength": 2000,
        "minLength": 0,
        "position": 3
      },
      {
        "id": "2f15b388-61bd-4feb-979b-59b453a567e3",
        "name": "Description",
        "helpText": "Content of the note in HTML format",
        "defaultValue": "",
        "multiline": true,
        "required": false,
        "validationRegex": "",
        "maxLength": 2000,
        "minLength": 0,
        "position": 4
      },
      {
        "id": "7424e54f-c17a-42c6-8ba6-d896e51bfa2b",
        "name": "Priority",
        "helpText": "(Low, Medium, High, Urgent)",
        "defaultValue": "",
        "multiline": false,
        "required": false,
        "validationRegex": "",
        "maxLength": 2000,
        "minLength": 0,
        "position": 5
      },
      {
        "id": "487b8712-9217-4828-b38a-8a0a8d7a2748",
        "name": "Urgency",
        "helpText": "(Low, Medium, High)",
        "defaultValue": "",
        "multiline": false,
        "required": false,
        "validationRegex": "",
        "maxLength": 2000,
        "minLength": 0,
        "position": 6
      },
      {
        "id": "bd754be7-2abe-40fc-b54b-10b581cd06b7",
        "name": "Impact",
        "helpText": "(Low, Medium, High)",
        "defaultValue": "",
        "multiline": false,
        "required": false,
        "validationRegex": "",
        "maxLength": 2000,
        "minLength": 0,
        "position": 7
      }
    ],
    "outputs": [],
    "libraries": [
      {
        "id": "5b5ecf24-7a63-48dc-be9d-0ef3ddf561fa",
        "referenceName": "freshServiceHelper",
        "library": {
          "id": "7be2019e-5e20-4772-a264-7fe81c03f688",
          "name": "freshServiceHelper - 1 - 1",
          "script": "/*\n * Libraries allow you to write code and reuse it in multiple steps in Flow Designer.\n * This example shows you how to add a new function named 'createGreeting'.\n * To use this function in a script, include the following statements, \n * replacing 'hello world' with the library's reference name.\n \n * You can give each library a reference name when you select it to include it to a script.\n\n * var helloWorld = require('hello world');\n * output['Message'] = helloWorld.createGreeting('Dolly');   // \"Hello, Dolly\"\n\n * You cannot require one library in another library.\n */\n \nexports.stringToInteger = function(name) {\nvar number = 0;    \n    switch(name.toLowerCase()) {\n  case \"low\":\n    number = 1;\n    break;\n  case \"medium\":\n    number = 2;\n    break;\n  case \"high\":\n    number = 3;\n    break;\n  case \"urgent\":\n    number = 4;\n  break;\n}\nreturn number;\n}",
          "accessibleByAll": "NotShared"
        }
      }
    ]
  }
]