{
  "name": "Freshservice - Inform with xMatters",
  "form": "c0839a6d-4041-487a-985a-1ad49f88ee27",
  "blocks": [
    {
      "id": "9a346efa-8023-49fb-823e-1a719709daa6",
      "label": "Freshservice - Inform with xMatters - Freshservice inbound",
      "environment": "HOSTED",
      "presentation": "{\"w\":60,\"x\":-49,\"h\":60,\"y\":-134}",
      "step": "68e7b47d-a647-4f87-be11-8271d89709b6",
      "stepType": "INTEGRATION"
    },
    {
      "id": "b5172ef2-1d59-4cbf-96c7-7710da3e9112",
      "endpoint": "FreshService",
      "label": "Freshservice - Parse Note",
      "environment": "HOSTED",
      "presentation": "{\"w\":60,\"x\":103,\"h\":60,\"y\":-134}",
      "step": "25f2b6bd-79cc-4dc8-92cc-cd4b66d8d9ad",
      "stepType": "SCRIPT_STEP",
      "inputMappings": [
        {
          "inputPort": "input",
          "mapping": "${9a346efa-8023-49fb-823e-1a719709daa6.ticket_latest_public_comment}",
          "stepInput": "e6f032dc-211c-47fb-86fa-81a29114c0ad"
        }
      ]
    },
    {
      "id": "20e34f37-e1a5-402b-b515-209231b81652",
      "label": "Inform with xMatters Event",
      "environment": "HOSTED",
      "presentation": "{\"w\":60,\"x\":277,\"h\":60,\"y\":-134}",
      "step": "c0839a6d-4041-487a-985a-1ad49f88ee27",
      "stepType": "CREATE_EVENT",
      "inputMappings": [
        {
          "inputPort": "input",
          "mapping": "${9a346efa-8023-49fb-823e-1a719709daa6.ticket.created.at}",
          "sectionItemKey": "0dc8b9cc-adb3-45bc-9cb6-8c8ae8950d34"
        },
        {
          "inputPort": "input",
          "mapping": "${9a346efa-8023-49fb-823e-1a719709daa6.ticket_priority}",
          "sectionItemKey": "9381096a-6605-48f9-aff0-0dd31bfbfa88"
        },
        {
          "inputPort": "input",
          "mapping": "${9a346efa-8023-49fb-823e-1a719709daa6.current_date_and_time}",
          "sectionItemKey": "173ce851-2288-4b10-8ba0-6baeff5b6543"
        },
        {
          "inputPort": "input",
          "mapping": "${9a346efa-8023-49fb-823e-1a719709daa6.ticket_type}",
          "sectionItemKey": "7e309268-718f-4f01-9894-26da116b82a1"
        },
        {
          "inputPort": "input",
          "mapping": "${9a346efa-8023-49fb-823e-1a719709daa6.ticket_id}",
          "sectionItemKey": "08652b74-cb36-427f-82a4-08ee6c0fb34b"
        },
        {
          "inputPort": "input",
          "mapping": "${9a346efa-8023-49fb-823e-1a719709daa6.ticket_public_url}",
          "sectionItemKey": "5135a3df-de56-4423-ac87-921b3ab8ee91"
        },
        {
          "inputPort": "input",
          "mapping": "${9a346efa-8023-49fb-823e-1a719709daa6.ticket_description}",
          "sectionItemKey": "3d8fcec0-7bc5-432c-a3b6-235ec7e72d3d"
        },
        {
          "inputPort": "input",
          "mapping": "${9a346efa-8023-49fb-823e-1a719709daa6.ticket_urgency}",
          "sectionItemKey": "fdcd7a6e-edf8-4cc1-af68-962627b3ef45"
        },
        {
          "inputPort": "input",
          "mapping": "${9a346efa-8023-49fb-823e-1a719709daa6.ticket_category}",
          "sectionItemKey": "9376a039-c8b1-4dda-8b0d-9dfa5f2c23e3"
        },
        {
          "inputPort": "input",
          "mapping": "${9a346efa-8023-49fb-823e-1a719709daa6.ticket_requester_name}",
          "sectionItemKey": "d1bdf0dd-e90c-4782-915d-f9b5c8008dfd"
        },
        {
          "inputPort": "input",
          "mapping": "${b5172ef2-1d59-4cbf-96c7-7710da3e9112.agent_commenter} made a public comment: ${b5172ef2-1d59-4cbf-96c7-7710da3e9112.note}",
          "sectionItemKey": "477195ca-5f3a-41ab-9663-cd2bf5821dc6"
        },
        {
          "inputPort": "input",
          "mapping": "${9a346efa-8023-49fb-823e-1a719709daa6.ticket_url}",
          "sectionItemKey": "37208998-2f60-4d22-a4e5-a3875e7afb48"
        },
        {
          "inputPort": "input",
          "mapping": "${9a346efa-8023-49fb-823e-1a719709daa6.ticket_group_name}",
          "sectionItemKey": "b6191496-cd8c-4daa-8b1d-b467a84dbee5"
        },
        {
          "inputPort": "input",
          "mapping": "${9a346efa-8023-49fb-823e-1a719709daa6.ticket_subject}",
          "sectionItemKey": "f6017b72-df9a-48a8-8e58-3787fcaf4a3f"
        },
        {
          "inputPort": "input",
          "mapping": "${9a346efa-8023-49fb-823e-1a719709daa6.ticket_tags}",
          "sectionItemKey": "502703bd-6a97-4713-86bf-6087cc59547a"
        },
        {
          "inputPort": "input",
          "mapping": "${9a346efa-8023-49fb-823e-1a719709daa6.ticket_impact}",
          "sectionItemKey": "3d2f9be4-a426-4849-8147-5150d1a19dc2"
        }
      ]
    }
  ],
  "edges": [
    {
      "fromBlock": "9a346efa-8023-49fb-823e-1a719709daa6",
      "fromPort": "output",
      "toBlock": "b5172ef2-1d59-4cbf-96c7-7710da3e9112",
      "toPort": "input"
    },
    {
      "fromBlock": "b5172ef2-1d59-4cbf-96c7-7710da3e9112",
      "fromPort": "output",
      "toBlock": "20e34f37-e1a5-402b-b515-209231b81652",
      "toPort": "input"
    }
  ]
}