{
  "name": "Freshservice alert",
  "form": "8bb82c41-3a9e-4c26-b1a3-efae762d70ec",
  "blocks": [
    {
      "id": "5c975911-a2ef-4fb1-b697-252a516b1ddc",
      "label": "Acknowledge",
      "environment": "HOSTED",
      "presentation": "{}",
      "step": "c7445de7-d611-4203-b442-1333d0fa0060",
      "stepType": "INTEGRATION"
    },
    {
      "id": "7a0d8fa3-3418-4dcc-8e9d-2598ce7faf50",
      "endpoint": "FreshService",
      "label": "Add Comment - Manual Escalation",
      "environment": "HOSTED",
      "presentation": "{\"w\":60,\"x\":340,\"h\":60,\"y\":1547}",
      "step": "39727dfc-08f3-4c8e-8e8d-e67264d4d7d8",
      "stepType": "SCRIPT_STEP",
      "inputMappings": [
        {
          "inputPort": "input",
          "mapping": "${event.properties.ticket_id}",
          "stepInput": "fdc07f15-b398-48ee-ad8c-9f5f2f44b817"
        },
        {
          "inputPort": "input",
          "mapping": "The current targeted recipient escalated xMatters event ${event.id}. Now notifying the next recipient in ${event.targetedRecipients}.",
          "stepInput": "b4a5915d-1972-4071-bd63-e36fa206d59a"
        },
        {
          "inputPort": "input",
          "mapping": "true",
          "stepInput": "66930782-5aef-4257-87a3-69e65ddc4b1c"
        }
      ]
    },
    {
      "id": "c7086e94-f16e-49bf-9082-4db1f0df4da1",
      "endpoint": "FreshService",
      "label": "Add Comment - Timeout Escalation",
      "environment": "HOSTED",
      "presentation": "{\"w\":60,\"x\":340,\"h\":60,\"y\":1717}",
      "step": "39727dfc-08f3-4c8e-8e8d-e67264d4d7d8",
      "stepType": "SCRIPT_STEP",
      "inputMappings": [
        {
          "inputPort": "input",
          "mapping": "${event.properties.ticket_id}",
          "stepInput": "fdc07f15-b398-48ee-ad8c-9f5f2f44b817"
        },
        {
          "inputPort": "input",
          "mapping": "The current targeted recipient did not respond to xMatters event ${event.id}. Now notifying the next recipient in ${event.targetedRecipients}.",
          "stepInput": "b4a5915d-1972-4071-bd63-e36fa206d59a"
        },
        {
          "inputPort": "input",
          "mapping": "true",
          "stepInput": "66930782-5aef-4257-87a3-69e65ddc4b1c"
        }
      ]
    },
    {
      "id": "573a3654-1ba1-48f1-abe3-8de00566d0b1",
      "endpoint": "FreshService",
      "label": "Create FreshService Comment",
      "environment": "HOSTED",
      "presentation": "{\"w\":60,\"x\":170,\"h\":60,\"y\":1313}",
      "step": "39727dfc-08f3-4c8e-8e8d-e67264d4d7d8",
      "stepType": "SCRIPT_STEP",
      "inputMappings": [
        {
          "inputPort": "input",
          "mapping": "${event.properties.ticket_id}",
          "stepInput": "fdc07f15-b398-48ee-ad8c-9f5f2f44b817"
        },
        {
          "inputPort": "input",
          "mapping": "<strong>${triggerOutputDELIVERYSTATUS.notification.recipient.owner.targetName}</strong> was notified on their ${triggerOutputDELIVERYSTATUS.notification.recipient.name} device",
          "stepInput": "b4a5915d-1972-4071-bd63-e36fa206d59a"
        },
        {
          "inputPort": "input",
          "mapping": "true",
          "stepInput": "66930782-5aef-4257-87a3-69e65ddc4b1c"
        }
      ]
    },
    {
      "id": "654c8692-1800-4912-88e2-cc88ac2aea66",
      "endpoint": "FreshService",
      "label": "Create FreshService Comment",
      "environment": "HOSTED",
      "presentation": "{\"w\":60,\"x\":297,\"h\":60,\"y\":328}",
      "step": "39727dfc-08f3-4c8e-8e8d-e67264d4d7d8",
      "stepType": "SCRIPT_STEP",
      "inputMappings": [
        {
          "inputPort": "input",
          "mapping": "${event.properties.ticket_id}",
          "stepInput": "fdc07f15-b398-48ee-ad8c-9f5f2f44b817"
        },
        {
          "inputPort": "input",
          "mapping": "<strong>${triggerOutputRESPONSE.respondedTo.by.targetName}</strong> responded with ${triggerOutputRESPONSE.response.response}",
          "stepInput": "b4a5915d-1972-4071-bd63-e36fa206d59a"
        },
        {
          "inputPort": "input",
          "mapping": "true",
          "stepInput": "66930782-5aef-4257-87a3-69e65ddc4b1c"
        }
      ]
    },
    {
      "id": "1c389f1b-79a9-4e3f-aac2-feafd022560b",
      "label": "Escalate",
      "environment": "HOSTED",
      "presentation": "{}",
      "step": "d601e152-19a9-47d2-b1f2-09ede6ced5c0",
      "stepType": "INTEGRATION"
    },
    {
      "id": "d875fe0d-7d35-4ecf-b166-a180be25eff6",
      "label": "Escalation Switch",
      "environment": "HOSTED",
      "presentation": "{\"w\":60,\"x\":170,\"h\":60,\"y\":1483}",
      "stepType": "SWITCH",
      "inputMappings": [
        {
          "inputPort": "input",
          "mapping": "${triggerOutputESCALATION.escalation.reason}"
        }
      ],
      "switchCases": [
        {
          "caseId": "ce0f0fb4-a556-48fa-b1fc-70743ad6da10",
          "caseValue": "ACTIVE"
        }
      ]
    },
    {
      "id": "9037a6d8-b8bd-41e3-80a2-2a1fb61ec539",
      "endpoint": "FreshService",
      "label": "FreshService - Update Ticket",
      "environment": "HOSTED",
      "presentation": "{\"w\":60,\"x\":140,\"h\":60,\"y\":635}",
      "step": "135ef5e1-7648-46dd-a95c-506e5a9fd33b",
      "stepType": "SCRIPT_STEP",
      "inputMappings": [
        {
          "inputPort": "input",
          "mapping": "${event.properties.ticket_id}",
          "stepInput": "8bf690ae-35b5-4f74-85c8-8c98f45edc0d"
        },
        {
          "inputPort": "input",
          "mapping": "4",
          "stepInput": "0c9756b6-887c-4dda-89d6-b0f21167c8ae"
        },
        {
          "inputPort": "input",
          "mapping": "${event.properties.ticket_subject}",
          "stepInput": "496d9540-b413-4a44-aca8-73d877276618"
        },
        {
          "inputPort": "input",
          "mapping": "${event.properties.ticket_description}",
          "stepInput": "2f15b388-61bd-4feb-979b-59b453a567e3"
        },
        {
          "inputPort": "input",
          "mapping": "${event.properties.ticket_priority}",
          "stepInput": "7424e54f-c17a-42c6-8ba6-d896e51bfa2b"
        },
        {
          "inputPort": "input",
          "mapping": "${event.properties.ticket_urgency}",
          "stepInput": "487b8712-9217-4828-b38a-8a0a8d7a2748"
        },
        {
          "inputPort": "input",
          "mapping": "${event.properties.ticket_impact}",
          "stepInput": "bd754be7-2abe-40fc-b54b-10b581cd06b7"
        }
      ]
    },
    {
      "id": "ebf82da0-5296-479a-94b6-f5ccda9a725b",
      "endpoint": "FreshService",
      "label": "FreshService - Update Ticket",
      "environment": "HOSTED",
      "presentation": "{\"w\":60,\"x\":151,\"h\":60,\"y\":326}",
      "step": "135ef5e1-7648-46dd-a95c-506e5a9fd33b",
      "stepType": "SCRIPT_STEP",
      "inputMappings": [
        {
          "inputPort": "input",
          "mapping": "${event.properties.ticket_id}",
          "stepInput": "8bf690ae-35b5-4f74-85c8-8c98f45edc0d"
        },
        {
          "inputPort": "input",
          "mapping": "${triggerOutputRESPONSE.respondedTo.by.targetName}@domain.com",
          "stepInput": "1298d5e8-d78a-4d1d-80f1-157108a8c514"
        },
        {
          "inputPort": "input",
          "mapping": "3",
          "stepInput": "0c9756b6-887c-4dda-89d6-b0f21167c8ae"
        },
        {
          "inputPort": "input",
          "mapping": "${event.properties.ticket_subject}",
          "stepInput": "496d9540-b413-4a44-aca8-73d877276618"
        },
        {
          "inputPort": "input",
          "mapping": "${event.properties.ticket_description}",
          "stepInput": "2f15b388-61bd-4feb-979b-59b453a567e3"
        },
        {
          "inputPort": "input",
          "mapping": "${event.properties.ticket_priority}",
          "stepInput": "7424e54f-c17a-42c6-8ba6-d896e51bfa2b"
        },
        {
          "inputPort": "input",
          "mapping": "${event.properties.ticket_urgency}",
          "stepInput": "487b8712-9217-4828-b38a-8a0a8d7a2748"
        },
        {
          "inputPort": "input",
          "mapping": "${event.properties.ticket_impact}",
          "stepInput": "bd754be7-2abe-40fc-b54b-10b581cd06b7"
        }
      ]
    },
    {
      "id": "e2ed2c0d-a957-437e-bb9e-7c91546db1be",
      "endpoint": "FreshService",
      "label": "FreshService Create Comment",
      "environment": "HOSTED",
      "presentation": "{\"w\":60,\"x\":340,\"h\":60,\"y\":994}",
      "step": "39727dfc-08f3-4c8e-8e8d-e67264d4d7d8",
      "stepType": "SCRIPT_STEP",
      "inputMappings": [
        {
          "inputPort": "input",
          "mapping": "${event.properties.ticket_id}",
          "stepInput": "fdc07f15-b398-48ee-ad8c-9f5f2f44b817"
        },
        {
          "inputPort": "input",
          "mapping": "A new event was created in xMatters: event ID ${event.id}",
          "stepInput": "b4a5915d-1972-4071-bd63-e36fa206d59a"
        },
        {
          "inputPort": "input",
          "mapping": "true",
          "stepInput": "66930782-5aef-4257-87a3-69e65ddc4b1c"
        }
      ]
    },
    {
      "id": "e3bbd84b-1d0a-4e46-ae24-ae0579dd298c",
      "endpoint": "FreshService",
      "label": "FreshService Create Comment",
      "environment": "HOSTED",
      "presentation": "{\"w\":60,\"x\":170,\"h\":60,\"y\":1951}",
      "step": "39727dfc-08f3-4c8e-8e8d-e67264d4d7d8",
      "stepType": "SCRIPT_STEP",
      "inputMappings": [
        {
          "inputPort": "input",
          "mapping": "${event.properties.ticket_id}",
          "stepInput": "fdc07f15-b398-48ee-ad8c-9f5f2f44b817"
        },
        {
          "inputPort": "input",
          "mapping": "<strong>${triggerOutputANNOTATION.annotation.author.targetName}</strong> made a comment on their ${triggerOutputANNOTATION.annotation.response.response} response: <strong>${triggerOutputANNOTATION.annotation.comment}</strong>",
          "stepInput": "b4a5915d-1972-4071-bd63-e36fa206d59a"
        },
        {
          "inputPort": "input",
          "mapping": "true",
          "stepInput": "66930782-5aef-4257-87a3-69e65ddc4b1c"
        }
      ]
    },
    {
      "id": "ec836097-5189-4626-8b5c-fbe7a02062ec",
      "label": "Freshservice - Assignment Alert - Freshservice inbound",
      "environment": "HOSTED",
      "presentation": "{\"w\":60,\"x\":0,\"h\":60,\"y\":0}",
      "step": "6e615438-a7a2-4cbf-aee4-ba95dcbba6d3",
      "stepType": "INTEGRATION"
    },
    {
      "id": "ed39ac9a-0fe5-418f-9d2f-5c83782a154b",
      "label": "Freshservice Assignment Alert - Escalations",
      "environment": "HOSTED",
      "presentation": "{\"w\":60,\"x\":0,\"h\":60,\"y\":1632}",
      "step": "8e3f9b11-4b89-4858-9751-3accb3818aa1",
      "stepType": "INTEGRATION"
    },
    {
      "id": "8481366e-ab81-44d3-9962-29d586fd7329",
      "label": "Freshservice Assignment Alert - Event Comments",
      "environment": "HOSTED",
      "presentation": "{\"w\":60,\"x\":0,\"h\":60,\"y\":1951}",
      "step": "16f5c936-d11b-4c6d-ba42-28c7a222bf9c",
      "stepType": "INTEGRATION"
    },
    {
      "id": "9d06bdd9-50ba-454e-9a56-3e3c3862b654",
      "label": "Freshservice Assignment Alert - Event Status Updates",
      "environment": "HOSTED",
      "presentation": "{\"w\":60,\"x\":0,\"h\":60,\"y\":994}",
      "step": "d3111e09-4045-46e9-8194-0753b4fdeb5c",
      "stepType": "INTEGRATION"
    },
    {
      "id": "3cc2c3cc-57eb-4099-8d1d-a5365c376b4a",
      "label": "Freshservice alert - Device Delivery Updates",
      "environment": "HOSTED",
      "presentation": "{\"w\":60,\"x\":0,\"h\":60,\"y\":1313}",
      "step": "9eb7b36d-94ff-4330-985d-f68a4d512c6e",
      "stepType": "INTEGRATION"
    },
    {
      "id": "93bee726-5061-4edb-94b6-7851a6d8bdfa",
      "label": "Resolve",
      "environment": "HOSTED",
      "presentation": "{}",
      "step": "d99ba9fe-207d-48fb-82e7-89386ea5d1cc",
      "stepType": "INTEGRATION"
    },
    {
      "id": "d3d049d3-ed2d-4bfa-87cf-652162dea936",
      "label": "Responses",
      "environment": "HOSTED",
      "presentation": "{\"w\":100,\"x\":0,\"h\":50,\"y\":170}",
      "stepType": "RESPONSES"
    },
    {
      "id": "5c984b71-8e6c-4ee8-8dca-e687016ee565",
      "label": "Switch",
      "environment": "HOSTED",
      "presentation": "{\"w\":60,\"x\":170,\"h\":60,\"y\":845}",
      "stepType": "SWITCH",
      "inputMappings": [
        {
          "inputPort": "input",
          "mapping": "${triggerOutputSTATUS.statusChanged.auditType}"
        }
      ],
      "switchCases": [
        {
          "caseId": "4b9f838d-1a3a-4eaa-8df3-ff40b4fa2811",
          "caseValue": "EVENT_CREATED"
        }
      ]
    },
    {
      "id": "7be4a8eb-7bd9-4460-96bf-3735ecd6cba5",
      "label": "xMatters Create Event - Freshservice alert",
      "environment": "HOSTED",
      "presentation": "{\"w\":60,\"x\":170,\"h\":60,\"y\":0}",
      "step": "8bb82c41-3a9e-4c26-b1a3-efae762d70ec",
      "stepType": "CREATE_EVENT",
      "inputMappings": [
        {
          "inputPort": "input",
          "mapping": "${ec836097-5189-4626-8b5c-fbe7a02062ec.ticket_status}",
          "sectionItemKey": "e8cd61b2-7653-4599-b5ae-bc09856fa929"
        },
        {
          "inputPort": "input",
          "mapping": "${ec836097-5189-4626-8b5c-fbe7a02062ec.ticket_impact}",
          "sectionItemKey": "1ff958c3-40fd-43e1-8c5e-3e3a870bab5e"
        },
        {
          "inputPort": "input",
          "mapping": "${ec836097-5189-4626-8b5c-fbe7a02062ec.ticket_url}",
          "sectionItemKey": "8b233e0d-df58-4de9-bf19-e6211cde52c9"
        },
        {
          "inputPort": "input",
          "mapping": "${ec836097-5189-4626-8b5c-fbe7a02062ec.ticket_public_url}",
          "sectionItemKey": "5cf0e897-b3e1-4ce1-b32c-fba4126b143d"
        },
        {
          "inputPort": "input",
          "mapping": "${ec836097-5189-4626-8b5c-fbe7a02062ec.ticket_type}",
          "sectionItemKey": "3cec9cf5-764a-4b66-8b6b-10a31470de47"
        },
        {
          "inputPort": "input",
          "mapping": "${ec836097-5189-4626-8b5c-fbe7a02062ec.ticket_group_name}",
          "sectionItemKey": "2078e2a3-b8ac-4db2-aa28-b8dd5b70d67e"
        },
        {
          "inputPort": "input",
          "mapping": "${ec836097-5189-4626-8b5c-fbe7a02062ec.ticket_requester_name}",
          "sectionItemKey": "0e94ce5a-1d3c-455d-9f9a-5bd7650e219b"
        },
        {
          "inputPort": "input",
          "mapping": "${ec836097-5189-4626-8b5c-fbe7a02062ec.ticket.created.at}",
          "sectionItemKey": "3fd26882-2c78-4cca-9181-4ed9731fc878"
        },
        {
          "inputPort": "input",
          "mapping": "${ec836097-5189-4626-8b5c-fbe7a02062ec.ticket_tags}",
          "sectionItemKey": "1c948f7f-7ee5-4ecc-af17-06271118021a"
        },
        {
          "inputPort": "input",
          "mapping": "${ec836097-5189-4626-8b5c-fbe7a02062ec.current_date_and_time}",
          "sectionItemKey": "b3663ea0-fac0-4922-a060-10569255fdac"
        },
        {
          "inputPort": "input",
          "mapping": "${ec836097-5189-4626-8b5c-fbe7a02062ec.ticket_description}",
          "sectionItemKey": "eced0d65-de0c-4705-abef-d820ce9b7a78"
        },
        {
          "inputPort": "input",
          "mapping": "${ec836097-5189-4626-8b5c-fbe7a02062ec.ticket_group_name}",
          "sectionItemKey": "recipients"
        },
        {
          "inputPort": "input",
          "mapping": "${ec836097-5189-4626-8b5c-fbe7a02062ec.ticket_category}",
          "sectionItemKey": "17eb4e86-4648-4c68-8c80-9058bba71baf"
        },
        {
          "inputPort": "input",
          "mapping": "${ec836097-5189-4626-8b5c-fbe7a02062ec.ticket_priority}",
          "sectionItemKey": "391326d8-99cb-4d5a-9ba8-7cf2ab41978f"
        },
        {
          "inputPort": "input",
          "mapping": "${ec836097-5189-4626-8b5c-fbe7a02062ec.ticket_id}",
          "sectionItemKey": "3885f588-2ceb-4257-b616-bf8a389b55f0"
        },
        {
          "inputPort": "input",
          "mapping": "${ec836097-5189-4626-8b5c-fbe7a02062ec.ticket_subject}",
          "sectionItemKey": "0f1b0c61-19b2-4cf4-ae24-311ffe9ac96e"
        },
        {
          "inputPort": "input",
          "mapping": "${ec836097-5189-4626-8b5c-fbe7a02062ec.ticket_urgency}",
          "sectionItemKey": "2478391f-bea3-4e7b-aa89-0f6e19500f8a"
        }
      ]
    }
  ],
  "edges": [
    {
      "fromBlock": "8481366e-ab81-44d3-9962-29d586fd7329",
      "fromPort": "output",
      "toBlock": "e3bbd84b-1d0a-4e46-ae24-ae0579dd298c",
      "toPort": "input"
    },
    {
      "fromBlock": "93bee726-5061-4edb-94b6-7851a6d8bdfa",
      "fromPort": "output",
      "toBlock": "9037a6d8-b8bd-41e3-80a2-2a1fb61ec539",
      "toPort": "input"
    },
    {
      "fromBlock": "9d06bdd9-50ba-454e-9a56-3e3c3862b654",
      "fromPort": "output",
      "toBlock": "5c984b71-8e6c-4ee8-8dca-e687016ee565",
      "toPort": "input"
    },
    {
      "fromBlock": "d875fe0d-7d35-4ecf-b166-a180be25eff6",
      "fromPort": "output",
      "toBlock": "c7086e94-f16e-49bf-9082-4db1f0df4da1",
      "toPort": "input"
    },
    {
      "fromBlock": "d875fe0d-7d35-4ecf-b166-a180be25eff6",
      "fromPort": "ce0f0fb4-a556-48fa-b1fc-70743ad6da10",
      "toBlock": "7a0d8fa3-3418-4dcc-8e9d-2598ce7faf50",
      "toPort": "input"
    },
    {
      "fromBlock": "ebf82da0-5296-479a-94b6-f5ccda9a725b",
      "fromPort": "output",
      "toBlock": "654c8692-1800-4912-88e2-cc88ac2aea66",
      "toPort": "input"
    },
    {
      "fromBlock": "ec836097-5189-4626-8b5c-fbe7a02062ec",
      "fromPort": "output",
      "toBlock": "7be4a8eb-7bd9-4460-96bf-3735ecd6cba5",
      "toPort": "input"
    },
    {
      "fromBlock": "ed39ac9a-0fe5-418f-9d2f-5c83782a154b",
      "fromPort": "output",
      "toBlock": "d875fe0d-7d35-4ecf-b166-a180be25eff6",
      "toPort": "input"
    },
    {
      "fromBlock": "3cc2c3cc-57eb-4099-8d1d-a5365c376b4a",
      "fromPort": "output",
      "toBlock": "573a3654-1ba1-48f1-abe3-8de00566d0b1",
      "toPort": "input"
    },
    {
      "fromBlock": "5c975911-a2ef-4fb1-b697-252a516b1ddc",
      "fromPort": "output",
      "toBlock": "ebf82da0-5296-479a-94b6-f5ccda9a725b",
      "toPort": "input"
    },
    {
      "fromBlock": "5c984b71-8e6c-4ee8-8dca-e687016ee565",
      "fromPort": "4b9f838d-1a3a-4eaa-8df3-ff40b4fa2811",
      "toBlock": "e2ed2c0d-a957-437e-bb9e-7c91546db1be",
      "toPort": "input"
    }
  ]
}