{
  "name": "Freshservice alert",
  "form": "4fead525-8587-4d77-ad52-47c6d353dc4f",
  "blocks": [
    {
      "id": "c432ba78-84a1-4686-9f6e-c4eb9b22ab48",
      "label": "Acknowledge",
      "environment": "HOSTED",
      "presentation": "{}",
      "step": "59645815-3504-4f86-9d65-8d469e3cd81c",
      "stepType": "INTEGRATION"
    },
    {
      "id": "f78c2b72-31e9-4918-97cb-463a09cad7e8",
      "endpoint": "FreshService",
      "label": "Add Comment - Manual Escalation",
      "environment": "HOSTED",
      "presentation": "{\"w\":60,\"x\":340,\"h\":60,\"y\":1547}",
      "step": "a26a6fb8-0b42-427f-a335-91bb061b4713",
      "stepType": "SCRIPT_STEP",
      "inputMappings": [
        {
          "inputPort": "input",
          "mapping": "${event.properties.ticket_id}",
          "stepInput": "9e7e42fe-a5a9-4fe6-b5dd-d2a221542ed5"
        },
        {
          "inputPort": "input",
          "mapping": "The current targeted recipient escalated xMatters event ${event.id}. Now notifying the next recipient in ${event.targetedRecipients}.",
          "stepInput": "1dcb1d7e-f337-47c6-bef1-e8355b1e71d2"
        },
        {
          "inputPort": "input",
          "mapping": "true",
          "stepInput": "d4893624-7ef1-4e69-80d2-8d970de5590b"
        }
      ]
    },
    {
      "id": "9c1bc2d1-ad8a-4aa8-b589-d36fffa58ca8",
      "endpoint": "FreshService",
      "label": "Add Comment - Timeout Escalation",
      "environment": "HOSTED",
      "presentation": "{\"w\":60,\"x\":340,\"h\":60,\"y\":1717}",
      "step": "a26a6fb8-0b42-427f-a335-91bb061b4713",
      "stepType": "SCRIPT_STEP",
      "inputMappings": [
        {
          "inputPort": "input",
          "mapping": "${event.properties.ticket_id}",
          "stepInput": "9e7e42fe-a5a9-4fe6-b5dd-d2a221542ed5"
        },
        {
          "inputPort": "input",
          "mapping": "The current targeted recipient did not respond to xMatters event ${event.id}. Now notifying the next recipient in ${event.targetedRecipients}.",
          "stepInput": "1dcb1d7e-f337-47c6-bef1-e8355b1e71d2"
        },
        {
          "inputPort": "input",
          "mapping": "true",
          "stepInput": "d4893624-7ef1-4e69-80d2-8d970de5590b"
        }
      ]
    },
    {
      "id": "b4d13fee-840c-4810-b1b5-2cc8225944da",
      "endpoint": "FreshService",
      "label": "Create FreshService Comment",
      "environment": "HOSTED",
      "presentation": "{\"w\":60,\"x\":170,\"h\":60,\"y\":1313}",
      "step": "a26a6fb8-0b42-427f-a335-91bb061b4713",
      "stepType": "SCRIPT_STEP",
      "inputMappings": [
        {
          "inputPort": "input",
          "mapping": "${event.properties.ticket_id}",
          "stepInput": "9e7e42fe-a5a9-4fe6-b5dd-d2a221542ed5"
        },
        {
          "inputPort": "input",
          "mapping": "<strong>${triggerOutputDELIVERYSTATUS.notification.recipient.owner.targetName}</strong> was notified on their ${triggerOutputDELIVERYSTATUS.notification.recipient.name} device",
          "stepInput": "1dcb1d7e-f337-47c6-bef1-e8355b1e71d2"
        },
        {
          "inputPort": "input",
          "mapping": "true",
          "stepInput": "d4893624-7ef1-4e69-80d2-8d970de5590b"
        }
      ]
    },
    {
      "id": "ca325976-aac3-4ff7-a149-fd4f7fccbb01",
      "endpoint": "FreshService",
      "label": "Create FreshService Comment",
      "environment": "HOSTED",
      "presentation": "{\"w\":60,\"x\":426,\"h\":60,\"y\":326}",
      "step": "a26a6fb8-0b42-427f-a335-91bb061b4713",
      "stepType": "SCRIPT_STEP",
      "inputMappings": [
        {
          "inputPort": "input",
          "mapping": "${event.properties.ticket_id}",
          "stepInput": "9e7e42fe-a5a9-4fe6-b5dd-d2a221542ed5"
        },
        {
          "inputPort": "input",
          "mapping": "<strong>${triggerOutputRESPONSE.respondedTo.by.targetName}</strong> responded with ${triggerOutputRESPONSE.response.response}",
          "stepInput": "1dcb1d7e-f337-47c6-bef1-e8355b1e71d2"
        },
        {
          "inputPort": "input",
          "mapping": "true",
          "stepInput": "d4893624-7ef1-4e69-80d2-8d970de5590b"
        }
      ]
    },
    {
      "id": "ecc62285-ed8d-4160-b4be-c8cde1bce3aa",
      "label": "Escalate",
      "environment": "HOSTED",
      "presentation": "{}",
      "step": "f3b8b144-7413-40af-9577-b3c191aff23d",
      "stepType": "INTEGRATION"
    },
    {
      "id": "66ad8bf7-2bab-411f-8e03-e103f623e4f9",
      "label": "Escalation Switch",
      "environment": "HOSTED",
      "presentation": "{\"w\":60,\"x\":170,\"h\":60,\"y\":1483}",
      "stepType": "SWITCH",
      "inputMappings": [
        {
          "inputPort": "input",
          "mapping": "${triggerOutputESCALATION.escalation.reason}"
        }
      ],
      "switchCases": [
        {
          "caseId": "63b77188-d81b-4903-b701-b49931a3435b",
          "caseValue": "ACTIVE"
        }
      ]
    },
    {
      "id": "66612140-ce1c-4a36-a066-bf25328b4e87",
      "endpoint": "FreshService",
      "label": "FreshService - Update Incident",
      "environment": "HOSTED",
      "presentation": "{\"w\":60,\"x\":288,\"h\":60,\"y\":326}",
      "step": "3a982994-2ccb-4bd3-be3f-0a99b53c9376",
      "stepType": "SCRIPT_STEP",
      "inputMappings": [
        {
          "inputPort": "input",
          "mapping": "${event.properties.ticket_id}",
          "stepInput": "2420207a-0f3a-48f3-831b-f9f004505310"
        },
        {
          "inputPort": "input",
          "mapping": "${2d3d84a1-e1fb-4f11-b818-9e6dad258542.Work Email}",
          "stepInput": "7b9cb607-eaa5-4d72-80b1-b490fb135cdd"
        },
        {
          "inputPort": "input",
          "mapping": "3",
          "stepInput": "5994e9d6-2103-464f-83bb-4c151528ad6f"
        },
        {
          "inputPort": "input",
          "mapping": "${event.properties.ticket_subject}",
          "stepInput": "aafdd049-e857-4cef-856b-68da79368324"
        },
        {
          "inputPort": "input",
          "mapping": "${event.properties.ticket_description}",
          "stepInput": "af9f7edb-4a31-4e25-898a-2976ab30498e"
        },
        {
          "inputPort": "input",
          "mapping": "${event.properties.ticket_priority}",
          "stepInput": "18ab9be1-f715-4923-b857-25e87f9b320b"
        },
        {
          "inputPort": "input",
          "mapping": "${event.properties.ticket_urgency}",
          "stepInput": "7a82cf04-f36c-41ca-8ea2-012f033ddaca"
        },
        {
          "inputPort": "input",
          "mapping": "${event.properties.ticket_impact}",
          "stepInput": "b73c758f-a1c4-48c4-bcb3-e2fb1528e332"
        }
      ]
    },
    {
      "id": "4a09b225-fae7-4a12-91a8-9183ecc052e0",
      "endpoint": "FreshService",
      "label": "FreshService - Update Ticket",
      "environment": "HOSTED",
      "presentation": "{\"w\":60,\"x\":140,\"h\":60,\"y\":635}",
      "step": "3a982994-2ccb-4bd3-be3f-0a99b53c9376",
      "stepType": "SCRIPT_STEP",
      "inputMappings": [
        {
          "inputPort": "input",
          "mapping": "${event.properties.ticket_id}",
          "stepInput": "2420207a-0f3a-48f3-831b-f9f004505310"
        },
        {
          "inputPort": "input",
          "mapping": "4",
          "stepInput": "5994e9d6-2103-464f-83bb-4c151528ad6f"
        },
        {
          "inputPort": "input",
          "mapping": "${event.properties.ticket_subject}",
          "stepInput": "aafdd049-e857-4cef-856b-68da79368324"
        },
        {
          "inputPort": "input",
          "mapping": "${event.properties.ticket_description}",
          "stepInput": "af9f7edb-4a31-4e25-898a-2976ab30498e"
        },
        {
          "inputPort": "input",
          "mapping": "${event.properties.ticket_priority}",
          "stepInput": "18ab9be1-f715-4923-b857-25e87f9b320b"
        },
        {
          "inputPort": "input",
          "mapping": "${event.properties.ticket_urgency}",
          "stepInput": "7a82cf04-f36c-41ca-8ea2-012f033ddaca"
        },
        {
          "inputPort": "input",
          "mapping": "${event.properties.ticket_impact}",
          "stepInput": "b73c758f-a1c4-48c4-bcb3-e2fb1528e332"
        }
      ]
    },
    {
      "id": "817abb8e-5f22-4bd5-9d6a-028fd5e02898",
      "endpoint": "FreshService",
      "label": "FreshService Create Comment",
      "environment": "HOSTED",
      "presentation": "{\"w\":60,\"x\":170,\"h\":60,\"y\":1951}",
      "step": "a26a6fb8-0b42-427f-a335-91bb061b4713",
      "stepType": "SCRIPT_STEP",
      "inputMappings": [
        {
          "inputPort": "input",
          "mapping": "${event.properties.ticket_id}",
          "stepInput": "9e7e42fe-a5a9-4fe6-b5dd-d2a221542ed5"
        },
        {
          "inputPort": "input",
          "mapping": "<strong>${triggerOutputANNOTATION.annotation.author.targetName}</strong> made a comment on their ${triggerOutputANNOTATION.annotation.response.response} response: <strong>${triggerOutputANNOTATION.annotation.comment}</strong>",
          "stepInput": "1dcb1d7e-f337-47c6-bef1-e8355b1e71d2"
        },
        {
          "inputPort": "input",
          "mapping": "true",
          "stepInput": "d4893624-7ef1-4e69-80d2-8d970de5590b"
        }
      ]
    },
    {
      "id": "28981b75-33b0-4683-904d-2e1d22a539fc",
      "endpoint": "FreshService",
      "label": "FreshService Create Comment",
      "environment": "HOSTED",
      "presentation": "{\"w\":60,\"x\":340,\"h\":60,\"y\":994}",
      "step": "a26a6fb8-0b42-427f-a335-91bb061b4713",
      "stepType": "SCRIPT_STEP",
      "inputMappings": [
        {
          "inputPort": "input",
          "mapping": "${event.properties.ticket_id}",
          "stepInput": "9e7e42fe-a5a9-4fe6-b5dd-d2a221542ed5"
        },
        {
          "inputPort": "input",
          "mapping": "A new event was created in xMatters: event ID ${event.id}",
          "stepInput": "1dcb1d7e-f337-47c6-bef1-e8355b1e71d2"
        },
        {
          "inputPort": "input",
          "mapping": "true",
          "stepInput": "d4893624-7ef1-4e69-80d2-8d970de5590b"
        }
      ]
    },
    {
      "id": "b2e33797-1112-4536-8e27-a156f428000b",
      "label": "Freshservice - Assignment Alert - Freshservice inbound",
      "environment": "HOSTED",
      "presentation": "{\"w\":60,\"x\":0,\"h\":60,\"y\":0}",
      "step": "5dad0b96-c494-4857-b073-140120e60208",
      "stepType": "INTEGRATION"
    },
    {
      "id": "7070dc2b-466f-474c-b4ba-2177bf82de8b",
      "label": "Freshservice Assignment Alert - Escalations",
      "environment": "HOSTED",
      "presentation": "{\"w\":60,\"x\":0,\"h\":60,\"y\":1632}",
      "step": "47ed0c0d-24cc-4599-b38e-9d1194b4dee8",
      "stepType": "INTEGRATION"
    },
    {
      "id": "51645e6d-ce60-4a9e-9298-95df86518538",
      "label": "Freshservice Assignment Alert - Event Comments",
      "environment": "HOSTED",
      "presentation": "{\"w\":60,\"x\":0,\"h\":60,\"y\":1951}",
      "step": "a24fe3db-f47c-4662-a91e-d343ed1d15dc",
      "stepType": "INTEGRATION"
    },
    {
      "id": "995a2cfd-2ed3-4637-8249-80ee7b32403a",
      "label": "Freshservice Assignment Alert - Event Status Updates",
      "environment": "HOSTED",
      "presentation": "{\"w\":60,\"x\":0,\"h\":60,\"y\":994}",
      "step": "2d5ff5ad-0150-4b3e-9591-15c699a3fd83",
      "stepType": "INTEGRATION"
    },
    {
      "id": "91b6219f-5e35-4a40-9869-a2a27bea794a",
      "label": "Freshservice alert - Device Delivery Updates",
      "environment": "HOSTED",
      "presentation": "{\"w\":60,\"x\":0,\"h\":60,\"y\":1313}",
      "step": "3726cc1c-a62b-4f54-bede-3fd59a4a1e02",
      "stepType": "INTEGRATION"
    },
    {
      "id": "41a2bb7a-790f-415c-bb62-23e320463e69",
      "label": "Resolve",
      "environment": "HOSTED",
      "presentation": "{}",
      "step": "54fc6906-2254-48ab-8114-01ef3c0bca7c",
      "stepType": "INTEGRATION"
    },
    {
      "id": "6b50aa2f-6cd3-48b8-9c59-85579e9ef381",
      "label": "Responses",
      "environment": "HOSTED",
      "presentation": "{\"w\":100,\"x\":0,\"h\":50,\"y\":170}",
      "stepType": "RESPONSES"
    },
    {
      "id": "e3f6c36b-a1a9-4f15-8f3c-8f5debbc342e",
      "label": "Switch",
      "environment": "HOSTED",
      "presentation": "{\"w\":60,\"x\":170,\"h\":60,\"y\":845}",
      "stepType": "SWITCH",
      "inputMappings": [
        {
          "inputPort": "input",
          "mapping": "${triggerOutputSTATUS.statusChanged.auditType}"
        }
      ],
      "switchCases": [
        {
          "caseId": "65174488-6419-4c86-a079-555e5c80c70f",
          "caseValue": "EVENT_CREATED"
        }
      ]
    },
    {
      "id": "2d3d84a1-e1fb-4f11-b818-9e6dad258542",
      "label": "xMatters - Get a Persons Work Devices",
      "environment": "HOSTED",
      "presentation": "{\"w\":60,\"x\":145,\"h\":60,\"y\":325}",
      "step": "b84d2b78-ef5a-4a54-91a9-f8de35294865",
      "stepType": "SCRIPT_STEP"
    },
    {
      "id": "f9d8ed14-0a71-43d7-9305-496ede39dd05",
      "label": "xMatters Create Event - Freshservice alert",
      "environment": "HOSTED",
      "presentation": "{\"w\":60,\"x\":170,\"h\":60,\"y\":0}",
      "step": "4fead525-8587-4d77-ad52-47c6d353dc4f",
      "stepType": "CREATE_EVENT",
      "inputMappings": [
        {
          "inputPort": "input",
          "mapping": "${b2e33797-1112-4536-8e27-a156f428000b.ticket_group_name}",
          "sectionItemKey": "recipients"
        },
        {
          "inputPort": "input",
          "mapping": "${b2e33797-1112-4536-8e27-a156f428000b.ticket_requester_name}",
          "sectionItemKey": "d1bdf0dd-e90c-4782-915d-f9b5c8008dfd"
        },
        {
          "inputPort": "input",
          "mapping": "${b2e33797-1112-4536-8e27-a156f428000b.ticket_id}",
          "sectionItemKey": "08652b74-cb36-427f-82a4-08ee6c0fb34b"
        },
        {
          "inputPort": "input",
          "mapping": "${b2e33797-1112-4536-8e27-a156f428000b.ticket_priority}",
          "sectionItemKey": "9381096a-6605-48f9-aff0-0dd31bfbfa88"
        },
        {
          "inputPort": "input",
          "mapping": "${b2e33797-1112-4536-8e27-a156f428000b.ticket_description}",
          "sectionItemKey": "3d8fcec0-7bc5-432c-a3b6-235ec7e72d3d"
        },
        {
          "inputPort": "input",
          "mapping": "${b2e33797-1112-4536-8e27-a156f428000b.ticket_type}",
          "sectionItemKey": "7e309268-718f-4f01-9894-26da116b82a1"
        },
        {
          "inputPort": "input",
          "mapping": "${b2e33797-1112-4536-8e27-a156f428000b.ticket_impact}",
          "sectionItemKey": "3d2f9be4-a426-4849-8147-5150d1a19dc2"
        },
        {
          "inputPort": "input",
          "mapping": "${b2e33797-1112-4536-8e27-a156f428000b.ticket_url}",
          "sectionItemKey": "37208998-2f60-4d22-a4e5-a3875e7afb48"
        },
        {
          "inputPort": "input",
          "mapping": "${b2e33797-1112-4536-8e27-a156f428000b.current_date_and_time}",
          "sectionItemKey": "173ce851-2288-4b10-8ba0-6baeff5b6543"
        },
        {
          "inputPort": "input",
          "mapping": "${b2e33797-1112-4536-8e27-a156f428000b.ticket_urgency}",
          "sectionItemKey": "fdcd7a6e-edf8-4cc1-af68-962627b3ef45"
        },
        {
          "inputPort": "input",
          "mapping": "${b2e33797-1112-4536-8e27-a156f428000b.ticket_tags}",
          "sectionItemKey": "502703bd-6a97-4713-86bf-6087cc59547a"
        },
        {
          "inputPort": "input",
          "mapping": "${b2e33797-1112-4536-8e27-a156f428000b.ticket_group_name}",
          "sectionItemKey": "b6191496-cd8c-4daa-8b1d-b467a84dbee5"
        },
        {
          "inputPort": "input",
          "mapping": "${b2e33797-1112-4536-8e27-a156f428000b.ticket.created.at}",
          "sectionItemKey": "0dc8b9cc-adb3-45bc-9cb6-8c8ae8950d34"
        },
        {
          "inputPort": "input",
          "mapping": "${b2e33797-1112-4536-8e27-a156f428000b.ticket_category}",
          "sectionItemKey": "9376a039-c8b1-4dda-8b0d-9dfa5f2c23e3"
        },
        {
          "inputPort": "input",
          "mapping": "${b2e33797-1112-4536-8e27-a156f428000b.ticket_public_url}",
          "sectionItemKey": "5135a3df-de56-4423-ac87-921b3ab8ee91"
        },
        {
          "inputPort": "input",
          "mapping": "${b2e33797-1112-4536-8e27-a156f428000b.ticket_status}",
          "sectionItemKey": "cb699182-8547-4086-b1b8-66222d7b0187"
        },
        {
          "inputPort": "input",
          "mapping": "${b2e33797-1112-4536-8e27-a156f428000b.ticket_subject}",
          "sectionItemKey": "f6017b72-df9a-48a8-8e58-3787fcaf4a3f"
        }
      ]
    }
  ],
  "edges": [
    {
      "fromBlock": "91b6219f-5e35-4a40-9869-a2a27bea794a",
      "fromPort": "output",
      "toBlock": "b4d13fee-840c-4810-b1b5-2cc8225944da",
      "toPort": "input"
    },
    {
      "fromBlock": "995a2cfd-2ed3-4637-8249-80ee7b32403a",
      "fromPort": "output",
      "toBlock": "e3f6c36b-a1a9-4f15-8f3c-8f5debbc342e",
      "toPort": "input"
    },
    {
      "fromBlock": "b2e33797-1112-4536-8e27-a156f428000b",
      "fromPort": "output",
      "toBlock": "f9d8ed14-0a71-43d7-9305-496ede39dd05",
      "toPort": "input"
    },
    {
      "fromBlock": "c432ba78-84a1-4686-9f6e-c4eb9b22ab48",
      "fromPort": "output",
      "toBlock": "2d3d84a1-e1fb-4f11-b818-9e6dad258542",
      "toPort": "input"
    },
    {
      "fromBlock": "e3f6c36b-a1a9-4f15-8f3c-8f5debbc342e",
      "fromPort": "65174488-6419-4c86-a079-555e5c80c70f",
      "toBlock": "28981b75-33b0-4683-904d-2e1d22a539fc",
      "toPort": "input"
    },
    {
      "fromBlock": "2d3d84a1-e1fb-4f11-b818-9e6dad258542",
      "fromPort": "output",
      "toBlock": "66612140-ce1c-4a36-a066-bf25328b4e87",
      "toPort": "input"
    },
    {
      "fromBlock": "41a2bb7a-790f-415c-bb62-23e320463e69",
      "fromPort": "output",
      "toBlock": "4a09b225-fae7-4a12-91a8-9183ecc052e0",
      "toPort": "input"
    },
    {
      "fromBlock": "51645e6d-ce60-4a9e-9298-95df86518538",
      "fromPort": "output",
      "toBlock": "817abb8e-5f22-4bd5-9d6a-028fd5e02898",
      "toPort": "input"
    },
    {
      "fromBlock": "66612140-ce1c-4a36-a066-bf25328b4e87",
      "fromPort": "output",
      "toBlock": "ca325976-aac3-4ff7-a149-fd4f7fccbb01",
      "toPort": "input"
    },
    {
      "fromBlock": "66ad8bf7-2bab-411f-8e03-e103f623e4f9",
      "fromPort": "output",
      "toBlock": "9c1bc2d1-ad8a-4aa8-b589-d36fffa58ca8",
      "toPort": "input"
    },
    {
      "fromBlock": "66ad8bf7-2bab-411f-8e03-e103f623e4f9",
      "fromPort": "63b77188-d81b-4903-b701-b49931a3435b",
      "toBlock": "f78c2b72-31e9-4918-97cb-463a09cad7e8",
      "toPort": "input"
    },
    {
      "fromBlock": "7070dc2b-466f-474c-b4ba-2177bf82de8b",
      "fromPort": "output",
      "toBlock": "66ad8bf7-2bab-411f-8e03-e103f623e4f9",
      "toPort": "input"
    }
  ]
}