{
  "name": "Freshservice - Inform with xMatters",
  "form": "a6adddcc-b723-4695-abf5-cf91819d6ff6",
  "blocks": [
    {
      "id": "d6e59ff8-9e7c-4f2b-b7ee-23b104edd00d",
      "label": "Freshservice - Inform with xMatters - Freshservice inbound",
      "environment": "HOSTED",
      "presentation": "{\"w\":60,\"x\":-49,\"h\":60,\"y\":-134}",
      "step": "082b966a-32e0-4b57-9abf-4e0f9671964f",
      "stepType": "INTEGRATION"
    },
    {
      "id": "aecca63d-7118-4c6d-af49-5666980f7b64",
      "endpoint": "FreshService",
      "label": "Freshservice - Parse Note",
      "environment": "HOSTED",
      "presentation": "{\"w\":60,\"x\":103,\"h\":60,\"y\":-134}",
      "step": "fe1282a1-8d90-4cf4-8083-d2ac6ccccaea",
      "stepType": "SCRIPT_STEP",
      "inputMappings": [
        {
          "inputPort": "input",
          "mapping": "${d6e59ff8-9e7c-4f2b-b7ee-23b104edd00d.ticket_latest_public_comment}",
          "stepInput": "235ce393-aee6-4fb7-ba8b-27d7593d7049"
        }
      ]
    },
    {
      "id": "d16dcea0-f8d7-42a6-a4ab-33e2fe9fbf44",
      "label": "Inform with xMatters Event",
      "environment": "HOSTED",
      "presentation": "{\"w\":60,\"x\":277,\"h\":60,\"y\":-134}",
      "step": "a6adddcc-b723-4695-abf5-cf91819d6ff6",
      "stepType": "CREATE_EVENT",
      "inputMappings": [
        {
          "inputPort": "input",
          "mapping": "${d6e59ff8-9e7c-4f2b-b7ee-23b104edd00d.ticket_id}",
          "sectionItemKey": "3885f588-2ceb-4257-b616-bf8a389b55f0"
        },
        {
          "inputPort": "input",
          "mapping": "${d6e59ff8-9e7c-4f2b-b7ee-23b104edd00d.ticket_impact}",
          "sectionItemKey": "1ff958c3-40fd-43e1-8c5e-3e3a870bab5e"
        },
        {
          "inputPort": "input",
          "mapping": "${d6e59ff8-9e7c-4f2b-b7ee-23b104edd00d.ticket_type}",
          "sectionItemKey": "3cec9cf5-764a-4b66-8b6b-10a31470de47"
        },
        {
          "inputPort": "input",
          "mapping": "${d6e59ff8-9e7c-4f2b-b7ee-23b104edd00d.ticket_urgency}",
          "sectionItemKey": "2478391f-bea3-4e7b-aa89-0f6e19500f8a"
        },
        {
          "inputPort": "input",
          "mapping": "${d6e59ff8-9e7c-4f2b-b7ee-23b104edd00d.ticket_requester_name}",
          "sectionItemKey": "0e94ce5a-1d3c-455d-9f9a-5bd7650e219b"
        },
        {
          "inputPort": "input",
          "mapping": "${d6e59ff8-9e7c-4f2b-b7ee-23b104edd00d.ticket_description}",
          "sectionItemKey": "eced0d65-de0c-4705-abef-d820ce9b7a78"
        },
        {
          "inputPort": "input",
          "mapping": "${d6e59ff8-9e7c-4f2b-b7ee-23b104edd00d.ticket_public_url}",
          "sectionItemKey": "5cf0e897-b3e1-4ce1-b32c-fba4126b143d"
        },
        {
          "inputPort": "input",
          "mapping": "${d6e59ff8-9e7c-4f2b-b7ee-23b104edd00d.ticket_tags}",
          "sectionItemKey": "1c948f7f-7ee5-4ecc-af17-06271118021a"
        },
        {
          "inputPort": "input",
          "mapping": "${d6e59ff8-9e7c-4f2b-b7ee-23b104edd00d.ticket_subject}",
          "sectionItemKey": "0f1b0c61-19b2-4cf4-ae24-311ffe9ac96e"
        },
        {
          "inputPort": "input",
          "mapping": "${d6e59ff8-9e7c-4f2b-b7ee-23b104edd00d.ticket_category}",
          "sectionItemKey": "17eb4e86-4648-4c68-8c80-9058bba71baf"
        },
        {
          "inputPort": "input",
          "mapping": "${d6e59ff8-9e7c-4f2b-b7ee-23b104edd00d.ticket.created.at}",
          "sectionItemKey": "3fd26882-2c78-4cca-9181-4ed9731fc878"
        },
        {
          "inputPort": "input",
          "mapping": "${d6e59ff8-9e7c-4f2b-b7ee-23b104edd00d.ticket_url}",
          "sectionItemKey": "8b233e0d-df58-4de9-bf19-e6211cde52c9"
        },
        {
          "inputPort": "input",
          "mapping": "${aecca63d-7118-4c6d-af49-5666980f7b64.agent_commenter} made a public comment: ${aecca63d-7118-4c6d-af49-5666980f7b64.note}",
          "sectionItemKey": "ba177365-3358-4e15-970f-88c5ea8b3bea"
        },
        {
          "inputPort": "input",
          "mapping": "${d6e59ff8-9e7c-4f2b-b7ee-23b104edd00d.current_date_and_time}",
          "sectionItemKey": "b3663ea0-fac0-4922-a060-10569255fdac"
        },
        {
          "inputPort": "input",
          "mapping": "${d6e59ff8-9e7c-4f2b-b7ee-23b104edd00d.ticket_priority}",
          "sectionItemKey": "391326d8-99cb-4d5a-9ba8-7cf2ab41978f"
        },
        {
          "inputPort": "input",
          "mapping": "${d6e59ff8-9e7c-4f2b-b7ee-23b104edd00d.ticket_group_name}",
          "sectionItemKey": "2078e2a3-b8ac-4db2-aa28-b8dd5b70d67e"
        }
      ]
    }
  ],
  "edges": [
    {
      "fromBlock": "aecca63d-7118-4c6d-af49-5666980f7b64",
      "fromPort": "output",
      "toBlock": "d16dcea0-f8d7-42a6-a4ab-33e2fe9fbf44",
      "toPort": "input"
    },
    {
      "fromBlock": "d6e59ff8-9e7c-4f2b-b7ee-23b104edd00d",
      "fromPort": "output",
      "toBlock": "aecca63d-7118-4c6d-af49-5666980f7b64",
      "toPort": "input"
    }
  ]
}