{
  "name": "Freshservice - Engage with xMatters",
  "form": "eb3abf70-304d-4adc-ab94-9a648b573bbe",
  "blocks": [
    {
      "id": "efcd6eb1-aa51-4f2d-a33d-2fcaa735f3bb",
      "label": "Acknowledge",
      "environment": "HOSTED",
      "presentation": "{}",
      "step": "73235e39-1a47-49e1-8a8e-f83c87fd39e1",
      "stepType": "INTEGRATION"
    },
    {
      "id": "492a44c1-190b-46cf-a197-2de52fac56dd",
      "label": "Escalate",
      "environment": "HOSTED",
      "presentation": "{}",
      "step": "976c2db8-2e2a-4d90-9bac-fcd0d1df26a6",
      "stepType": "INTEGRATION"
    },
    {
      "id": "b5ce330c-448c-428e-a28d-90f34d9ca8e4",
      "endpoint": "FreshService",
      "label": "FreshService - Create Note",
      "environment": "HOSTED",
      "presentation": "{\"w\":60,\"x\":235,\"h\":60,\"y\":-135}",
      "step": "a26a6fb8-0b42-427f-a335-91bb061b4713",
      "stepType": "SCRIPT_STEP",
      "inputMappings": [
        {
          "inputPort": "input",
          "mapping": "${cc083d0b-2fd2-464e-bfac-913b159aa38d.ticket_id}",
          "stepInput": "9e7e42fe-a5a9-4fe6-b5dd-d2a221542ed5"
        },
        {
          "inputPort": "input",
          "mapping": "<strong>${cc083d0b-2fd2-464e-bfac-913b159aa38d.ticket_tags}</strong> group(s) were engaged to help resolve this incident",
          "stepInput": "1dcb1d7e-f337-47c6-bef1-e8355b1e71d2"
        },
        {
          "inputPort": "input",
          "mapping": "true",
          "stepInput": "d4893624-7ef1-4e69-80d2-8d970de5590b"
        }
      ]
    },
    {
      "id": "1fb5cbd4-d11d-48cd-829a-213b83dd762b",
      "endpoint": "FreshService",
      "label": "FreshService - Create Note",
      "environment": "HOSTED",
      "presentation": "{\"w\":60,\"x\":608,\"h\":60,\"y\":-174}",
      "step": "a26a6fb8-0b42-427f-a335-91bb061b4713",
      "stepType": "SCRIPT_STEP",
      "inputMappings": [
        {
          "inputPort": "input",
          "mapping": "${event.properties.ticket_id}",
          "stepInput": "9e7e42fe-a5a9-4fe6-b5dd-d2a221542ed5"
        },
        {
          "inputPort": "input",
          "mapping": "<strong>${triggerOutputRESPONSE.respondedTo.by.targetName}</strong> said they will be joining soon.",
          "stepInput": "1dcb1d7e-f337-47c6-bef1-e8355b1e71d2"
        },
        {
          "inputPort": "input",
          "mapping": "true",
          "stepInput": "d4893624-7ef1-4e69-80d2-8d970de5590b"
        }
      ]
    },
    {
      "id": "357ce533-fe9c-43f0-87f2-36a5e11cc5da",
      "endpoint": "FreshService",
      "label": "FreshService - Create Note",
      "environment": "HOSTED",
      "presentation": "{\"w\":60,\"x\":137,\"h\":60,\"y\":173}",
      "step": "a26a6fb8-0b42-427f-a335-91bb061b4713",
      "stepType": "SCRIPT_STEP",
      "inputMappings": [
        {
          "inputPort": "input",
          "mapping": "${event.properties.ticket_id}",
          "stepInput": "9e7e42fe-a5a9-4fe6-b5dd-d2a221542ed5"
        },
        {
          "inputPort": "input",
          "mapping": "${triggerOutputANNOTATION.annotation.author.targetName} made a comment to their ${triggerOutputANNOTATION.annotation.response.response} response: ${triggerOutputANNOTATION.annotation.comment}",
          "stepInput": "1dcb1d7e-f337-47c6-bef1-e8355b1e71d2"
        },
        {
          "inputPort": "input",
          "mapping": "true",
          "stepInput": "d4893624-7ef1-4e69-80d2-8d970de5590b"
        }
      ]
    },
    {
      "id": "8df552ec-5966-4451-9a06-f9db6fef4ab4",
      "label": "Freshservice - Engage with xMatters - Event Comments",
      "environment": "HOSTED",
      "presentation": "{\"w\":60,\"x\":-2,\"h\":60,\"y\":169}",
      "step": "8cd405b6-34c0-4f56-b13e-414574739ad3",
      "stepType": "INTEGRATION"
    },
    {
      "id": "cc083d0b-2fd2-464e-bfac-913b159aa38d",
      "label": "Freshservice - Engage with xMatters - Freshservice inbound",
      "environment": "HOSTED",
      "presentation": "{\"w\":60,\"x\":-146,\"h\":60,\"y\":-131}",
      "step": "402e0557-7b50-44e8-97a5-b99bcf1b5a3f",
      "stepType": "INTEGRATION"
    },
    {
      "id": "32e5a792-c4e7-4c44-90f8-4bb275fe3420",
      "label": "Responses",
      "environment": "HOSTED",
      "presentation": "{\"w\":100,\"x\":428,\"h\":50,\"y\":-332}",
      "stepType": "RESPONSES"
    },
    {
      "id": "a664cf6f-ef0d-42f3-a8f9-81a46ff0864a",
      "label": "xMatters Create Event - Freshservice - Engage with xMatters",
      "environment": "HOSTED",
      "presentation": "{\"w\":60,\"x\":52,\"h\":60,\"y\":-132}",
      "step": "eb3abf70-304d-4adc-ab94-9a648b573bbe",
      "stepType": "CREATE_EVENT",
      "inputMappings": [
        {
          "inputPort": "input",
          "mapping": "${cc083d0b-2fd2-464e-bfac-913b159aa38d.ticket_type}",
          "sectionItemKey": "7e309268-718f-4f01-9894-26da116b82a1"
        },
        {
          "inputPort": "input",
          "mapping": "${cc083d0b-2fd2-464e-bfac-913b159aa38d.ticket_tags}",
          "sectionItemKey": "recipients"
        },
        {
          "inputPort": "input",
          "mapping": "${cc083d0b-2fd2-464e-bfac-913b159aa38d.ticket.agent.name}",
          "sectionItemKey": "9d897241-8576-43ab-9ab6-38e73a00afce"
        },
        {
          "inputPort": "input",
          "mapping": "${cc083d0b-2fd2-464e-bfac-913b159aa38d.ticket.created.at}",
          "sectionItemKey": "0dc8b9cc-adb3-45bc-9cb6-8c8ae8950d34"
        },
        {
          "inputPort": "input",
          "mapping": "${cc083d0b-2fd2-464e-bfac-913b159aa38d.ticket_status}",
          "sectionItemKey": "cb699182-8547-4086-b1b8-66222d7b0187"
        },
        {
          "inputPort": "input",
          "mapping": "${cc083d0b-2fd2-464e-bfac-913b159aa38d.ticket_subject}",
          "sectionItemKey": "f6017b72-df9a-48a8-8e58-3787fcaf4a3f"
        },
        {
          "inputPort": "input",
          "mapping": "${cc083d0b-2fd2-464e-bfac-913b159aa38d.ticket_urgency}",
          "sectionItemKey": "fdcd7a6e-edf8-4cc1-af68-962627b3ef45"
        },
        {
          "inputPort": "input",
          "mapping": "${cc083d0b-2fd2-464e-bfac-913b159aa38d.ticket_url}",
          "sectionItemKey": "37208998-2f60-4d22-a4e5-a3875e7afb48"
        },
        {
          "inputPort": "input",
          "mapping": "${cc083d0b-2fd2-464e-bfac-913b159aa38d.ticket_id}",
          "sectionItemKey": "08652b74-cb36-427f-82a4-08ee6c0fb34b"
        },
        {
          "inputPort": "input",
          "mapping": "${cc083d0b-2fd2-464e-bfac-913b159aa38d.ticket_group_name}",
          "sectionItemKey": "b6191496-cd8c-4daa-8b1d-b467a84dbee5"
        },
        {
          "inputPort": "input",
          "mapping": "${cc083d0b-2fd2-464e-bfac-913b159aa38d.ticket_impact}",
          "sectionItemKey": "3d2f9be4-a426-4849-8147-5150d1a19dc2"
        },
        {
          "inputPort": "input",
          "mapping": "${cc083d0b-2fd2-464e-bfac-913b159aa38d.ticket_priority}",
          "sectionItemKey": "9381096a-6605-48f9-aff0-0dd31bfbfa88"
        }
      ]
    }
  ],
  "edges": [
    {
      "fromBlock": "8df552ec-5966-4451-9a06-f9db6fef4ab4",
      "fromPort": "output",
      "toBlock": "357ce533-fe9c-43f0-87f2-36a5e11cc5da",
      "toPort": "input"
    },
    {
      "fromBlock": "a664cf6f-ef0d-42f3-a8f9-81a46ff0864a",
      "fromPort": "output",
      "toBlock": "b5ce330c-448c-428e-a28d-90f34d9ca8e4",
      "toPort": "input"
    },
    {
      "fromBlock": "cc083d0b-2fd2-464e-bfac-913b159aa38d",
      "fromPort": "output",
      "toBlock": "a664cf6f-ef0d-42f3-a8f9-81a46ff0864a",
      "toPort": "input"
    },
    {
      "fromBlock": "efcd6eb1-aa51-4f2d-a33d-2fcaa735f3bb",
      "fromPort": "output",
      "toBlock": "1fb5cbd4-d11d-48cd-829a-213b83dd762b",
      "toPort": "input"
    }
  ]
}