{
  "name": "Freshservice - Inform with xMatters",
  "form": "a5e6a396-ce63-4b46-aefd-68319c290e58",
  "blocks": [
    {
      "id": "98dd7d38-3886-4a19-a6eb-fb16eab0d183",
      "label": "Freshservice - Inform with xMatters - Freshservice inbound",
      "environment": "HOSTED",
      "presentation": "{\"w\":60,\"x\":-49,\"h\":60,\"y\":-134}",
      "step": "49ee0ee5-a618-4836-b3e5-8cf497702280",
      "stepType": "INTEGRATION"
    },
    {
      "id": "5b2b0b63-0b87-4285-bea5-90971793f32c",
      "endpoint": "FreshService",
      "label": "Freshservice - Parse Note",
      "environment": "HOSTED",
      "presentation": "{\"w\":60,\"x\":103,\"h\":60,\"y\":-134}",
      "step": "25f2b6bd-79cc-4dc8-92cc-cd4b66d8d9ad",
      "stepType": "SCRIPT_STEP",
      "inputMappings": [
        {
          "inputPort": "input",
          "mapping": "${98dd7d38-3886-4a19-a6eb-fb16eab0d183.ticket_latest_public_comment}",
          "stepInput": "e6f032dc-211c-47fb-86fa-81a29114c0ad"
        }
      ]
    },
    {
      "id": "a68f1c12-c6b5-4d05-b898-dbb0a98139b1",
      "label": "Inform with xMatters Event",
      "environment": "HOSTED",
      "presentation": "{\"w\":60,\"x\":277,\"h\":60,\"y\":-134}",
      "step": "a5e6a396-ce63-4b46-aefd-68319c290e58",
      "stepType": "CREATE_EVENT",
      "inputMappings": [
        {
          "inputPort": "input",
          "mapping": "${98dd7d38-3886-4a19-a6eb-fb16eab0d183.current_date_and_time}",
          "sectionItemKey": "3cbb6f92-d3ad-46d5-9ecf-0e12b20a1846"
        },
        {
          "inputPort": "input",
          "mapping": "${98dd7d38-3886-4a19-a6eb-fb16eab0d183.ticket_tags}",
          "sectionItemKey": "afc9dda8-dbd2-4ed4-854a-099553ddb435"
        },
        {
          "inputPort": "input",
          "mapping": "${5b2b0b63-0b87-4285-bea5-90971793f32c.agent_commenter} made a public comment: ${5b2b0b63-0b87-4285-bea5-90971793f32c.note}",
          "sectionItemKey": "f0a54735-41a7-4851-9662-2ec85ea2292c"
        },
        {
          "inputPort": "input",
          "mapping": "${98dd7d38-3886-4a19-a6eb-fb16eab0d183.ticket_description}",
          "sectionItemKey": "a2fa26f6-e8e5-43b5-aa0d-fb80cbb57291"
        },
        {
          "inputPort": "input",
          "mapping": "${98dd7d38-3886-4a19-a6eb-fb16eab0d183.ticket.created.at}",
          "sectionItemKey": "306ee051-eadb-4753-8fc0-dba7bb6c72f7"
        },
        {
          "inputPort": "input",
          "mapping": "${98dd7d38-3886-4a19-a6eb-fb16eab0d183.ticket_id}",
          "sectionItemKey": "f189afea-df0d-4a76-88d1-7a4c53b9ef0d"
        },
        {
          "inputPort": "input",
          "mapping": "${98dd7d38-3886-4a19-a6eb-fb16eab0d183.ticket_requester_name}",
          "sectionItemKey": "31fcad7e-3fe7-4177-aa8f-593df3812afd"
        },
        {
          "inputPort": "input",
          "mapping": "${98dd7d38-3886-4a19-a6eb-fb16eab0d183.ticket_subject}",
          "sectionItemKey": "28299cc7-59d7-4538-a3c9-54371363e269"
        },
        {
          "inputPort": "input",
          "mapping": "${98dd7d38-3886-4a19-a6eb-fb16eab0d183.ticket_group_name}",
          "sectionItemKey": "ad07bf7f-9e01-41df-8a1c-937a559cd15f"
        },
        {
          "inputPort": "input",
          "mapping": "${98dd7d38-3886-4a19-a6eb-fb16eab0d183.ticket_priority}",
          "sectionItemKey": "d3a9cb61-6a27-4d27-b012-473d238f228c"
        },
        {
          "inputPort": "input",
          "mapping": "${98dd7d38-3886-4a19-a6eb-fb16eab0d183.ticket_urgency}",
          "sectionItemKey": "5a428eda-c798-430b-a09d-bfb9fe19a147"
        },
        {
          "inputPort": "input",
          "mapping": "${98dd7d38-3886-4a19-a6eb-fb16eab0d183.ticket_category}",
          "sectionItemKey": "6fd1961c-d803-4c69-a509-511659439bb4"
        },
        {
          "inputPort": "input",
          "mapping": "${98dd7d38-3886-4a19-a6eb-fb16eab0d183.ticket_public_url}",
          "sectionItemKey": "5bed5318-d01d-4f09-a4fe-76b9ee2b487a"
        },
        {
          "inputPort": "input",
          "mapping": "${98dd7d38-3886-4a19-a6eb-fb16eab0d183.ticket_impact}",
          "sectionItemKey": "9131db67-6bad-4cce-a594-516ffd628aa8"
        },
        {
          "inputPort": "input",
          "mapping": "${98dd7d38-3886-4a19-a6eb-fb16eab0d183.ticket_type}",
          "sectionItemKey": "0375a2c5-3cf2-456e-99a3-d31e11ca275a"
        },
        {
          "inputPort": "input",
          "mapping": "${98dd7d38-3886-4a19-a6eb-fb16eab0d183.ticket_url}",
          "sectionItemKey": "243dd310-f130-4e94-8cac-f9e77e432303"
        }
      ]
    }
  ],
  "edges": [
    {
      "fromBlock": "98dd7d38-3886-4a19-a6eb-fb16eab0d183",
      "fromPort": "output",
      "toBlock": "5b2b0b63-0b87-4285-bea5-90971793f32c",
      "toPort": "input"
    },
    {
      "fromBlock": "5b2b0b63-0b87-4285-bea5-90971793f32c",
      "fromPort": "output",
      "toBlock": "a68f1c12-c6b5-4d05-b898-dbb0a98139b1",
      "toPort": "input"
    }
  ]
}