{
  "name": "Freshservice alert",
  "form": "940c763b-3a02-4d88-9054-85d51b1f9293",
  "blocks": [
    {
      "id": "ab099a4a-ceed-4bab-a64b-7890f5bba100",
      "label": "Acknowledge",
      "environment": "HOSTED",
      "presentation": "{}",
      "step": "58fa67b3-382c-4890-9cff-bb110e5b02de",
      "stepType": "INTEGRATION"
    },
    {
      "id": "cf712feb-e2cc-476c-8738-eab60e064847",
      "endpoint": "FreshService",
      "label": "Add Comment - Manual Escalation",
      "environment": "HOSTED",
      "presentation": "{\"w\":60,\"x\":340,\"h\":60,\"y\":1547}",
      "step": "a26a6fb8-0b42-427f-a335-91bb061b4713",
      "stepType": "SCRIPT_STEP",
      "inputMappings": [
        {
          "inputPort": "input",
          "mapping": "${event.properties.ticket_id}",
          "stepInput": "9e7e42fe-a5a9-4fe6-b5dd-d2a221542ed5"
        },
        {
          "inputPort": "input",
          "mapping": "The current targeted recipient escalated xMatters event ${event.id}. Now notifying the next recipient in ${event.targetedRecipients}.",
          "stepInput": "1dcb1d7e-f337-47c6-bef1-e8355b1e71d2"
        },
        {
          "inputPort": "input",
          "mapping": "true",
          "stepInput": "d4893624-7ef1-4e69-80d2-8d970de5590b"
        }
      ]
    },
    {
      "id": "1e47a586-44d6-49b2-9ced-ea708e20831f",
      "endpoint": "FreshService",
      "label": "Add Comment - Timeout Escalation",
      "environment": "HOSTED",
      "presentation": "{\"w\":60,\"x\":340,\"h\":60,\"y\":1717}",
      "step": "a26a6fb8-0b42-427f-a335-91bb061b4713",
      "stepType": "SCRIPT_STEP",
      "inputMappings": [
        {
          "inputPort": "input",
          "mapping": "${event.properties.ticket_id}",
          "stepInput": "9e7e42fe-a5a9-4fe6-b5dd-d2a221542ed5"
        },
        {
          "inputPort": "input",
          "mapping": "The current targeted recipient did not respond to xMatters event ${event.id}. Now notifying the next recipient in ${event.targetedRecipients}.",
          "stepInput": "1dcb1d7e-f337-47c6-bef1-e8355b1e71d2"
        },
        {
          "inputPort": "input",
          "mapping": "true",
          "stepInput": "d4893624-7ef1-4e69-80d2-8d970de5590b"
        }
      ]
    },
    {
      "id": "a11a2e7f-aea1-4745-a0da-9c3634b92810",
      "endpoint": "FreshService",
      "label": "Create FreshService Comment",
      "environment": "HOSTED",
      "presentation": "{\"w\":60,\"x\":426,\"h\":60,\"y\":326}",
      "step": "a26a6fb8-0b42-427f-a335-91bb061b4713",
      "stepType": "SCRIPT_STEP",
      "inputMappings": [
        {
          "inputPort": "input",
          "mapping": "${event.properties.ticket_id}",
          "stepInput": "9e7e42fe-a5a9-4fe6-b5dd-d2a221542ed5"
        },
        {
          "inputPort": "input",
          "mapping": "<strong>${triggerOutputRESPONSE.respondedTo.by.targetName}</strong> responded with ${triggerOutputRESPONSE.response.response}",
          "stepInput": "1dcb1d7e-f337-47c6-bef1-e8355b1e71d2"
        },
        {
          "inputPort": "input",
          "mapping": "true",
          "stepInput": "d4893624-7ef1-4e69-80d2-8d970de5590b"
        }
      ]
    },
    {
      "id": "b017d05c-fb2b-4026-93e2-5283a47b45f6",
      "endpoint": "FreshService",
      "label": "Create FreshService Comment",
      "environment": "HOSTED",
      "presentation": "{\"w\":60,\"x\":170,\"h\":60,\"y\":1313}",
      "step": "a26a6fb8-0b42-427f-a335-91bb061b4713",
      "stepType": "SCRIPT_STEP",
      "inputMappings": [
        {
          "inputPort": "input",
          "mapping": "${event.properties.ticket_id}",
          "stepInput": "9e7e42fe-a5a9-4fe6-b5dd-d2a221542ed5"
        },
        {
          "inputPort": "input",
          "mapping": "<strong>${triggerOutputDELIVERYSTATUS.notification.recipient.owner.targetName}</strong> was notified on their ${triggerOutputDELIVERYSTATUS.notification.recipient.name} device",
          "stepInput": "1dcb1d7e-f337-47c6-bef1-e8355b1e71d2"
        },
        {
          "inputPort": "input",
          "mapping": "true",
          "stepInput": "d4893624-7ef1-4e69-80d2-8d970de5590b"
        }
      ]
    },
    {
      "id": "b54e0d77-b2ca-437a-89e3-1a14850ecbcf",
      "label": "Escalate",
      "environment": "HOSTED",
      "presentation": "{}",
      "step": "cac63c20-1103-487a-bb9c-aaea82a8a663",
      "stepType": "INTEGRATION"
    },
    {
      "id": "3932a683-9287-4efc-9a42-0f2da5280d9c",
      "label": "Escalation Switch",
      "environment": "HOSTED",
      "presentation": "{\"w\":60,\"x\":170,\"h\":60,\"y\":1483}",
      "stepType": "SWITCH",
      "inputMappings": [
        {
          "inputPort": "input",
          "mapping": "${triggerOutputESCALATION.escalation.reason}"
        }
      ],
      "switchCases": [
        {
          "caseId": "69fe0c77-45e5-45b0-ab55-cf8112dc934f",
          "caseValue": "ACTIVE"
        }
      ]
    },
    {
      "id": "b3380d39-cee9-492e-ab7c-43dedeac8e89",
      "endpoint": "FreshService",
      "label": "FreshService - Update Incident",
      "environment": "HOSTED",
      "presentation": "{\"w\":60,\"x\":288,\"h\":60,\"y\":326}",
      "step": "3a982994-2ccb-4bd3-be3f-0a99b53c9376",
      "stepType": "SCRIPT_STEP",
      "inputMappings": [
        {
          "inputPort": "input",
          "mapping": "${event.properties.ticket_id}",
          "stepInput": "2420207a-0f3a-48f3-831b-f9f004505310"
        },
        {
          "inputPort": "input",
          "mapping": "${247104fd-59a3-4a9a-a45f-b787ae7c8319.output['Work Email']}",
          "stepInput": "7b9cb607-eaa5-4d72-80b1-b490fb135cdd"
        },
        {
          "inputPort": "input",
          "mapping": "3",
          "stepInput": "5994e9d6-2103-464f-83bb-4c151528ad6f"
        },
        {
          "inputPort": "input",
          "mapping": "${event.properties.ticket_subject}",
          "stepInput": "aafdd049-e857-4cef-856b-68da79368324"
        },
        {
          "inputPort": "input",
          "mapping": "${event.properties.ticket_description}",
          "stepInput": "af9f7edb-4a31-4e25-898a-2976ab30498e"
        },
        {
          "inputPort": "input",
          "mapping": "${event.properties.ticket_priority}",
          "stepInput": "18ab9be1-f715-4923-b857-25e87f9b320b"
        },
        {
          "inputPort": "input",
          "mapping": "${event.properties.ticket_urgency}",
          "stepInput": "7a82cf04-f36c-41ca-8ea2-012f033ddaca"
        },
        {
          "inputPort": "input",
          "mapping": "${event.properties.ticket_impact}",
          "stepInput": "b73c758f-a1c4-48c4-bcb3-e2fb1528e332"
        }
      ]
    },
    {
      "id": "9774403d-fef5-4a14-a8b8-3d184624df61",
      "endpoint": "FreshService",
      "label": "FreshService - Update Ticket",
      "environment": "HOSTED",
      "presentation": "{\"w\":60,\"x\":140,\"h\":60,\"y\":635}",
      "step": "3a982994-2ccb-4bd3-be3f-0a99b53c9376",
      "stepType": "SCRIPT_STEP",
      "inputMappings": [
        {
          "inputPort": "input",
          "mapping": "${event.properties.ticket_id}",
          "stepInput": "2420207a-0f3a-48f3-831b-f9f004505310"
        },
        {
          "inputPort": "input",
          "mapping": "4",
          "stepInput": "5994e9d6-2103-464f-83bb-4c151528ad6f"
        },
        {
          "inputPort": "input",
          "mapping": "${event.properties.ticket_subject}",
          "stepInput": "aafdd049-e857-4cef-856b-68da79368324"
        },
        {
          "inputPort": "input",
          "mapping": "${event.properties.ticket_description}",
          "stepInput": "af9f7edb-4a31-4e25-898a-2976ab30498e"
        },
        {
          "inputPort": "input",
          "mapping": "${event.properties.ticket_priority}",
          "stepInput": "18ab9be1-f715-4923-b857-25e87f9b320b"
        },
        {
          "inputPort": "input",
          "mapping": "${event.properties.ticket_urgency}",
          "stepInput": "7a82cf04-f36c-41ca-8ea2-012f033ddaca"
        },
        {
          "inputPort": "input",
          "mapping": "${event.properties.ticket_impact}",
          "stepInput": "b73c758f-a1c4-48c4-bcb3-e2fb1528e332"
        }
      ]
    },
    {
      "id": "ccf3aeb8-749a-4dd4-9afc-ff799bd04460",
      "endpoint": "FreshService",
      "label": "FreshService Create Comment",
      "environment": "HOSTED",
      "presentation": "{\"w\":60,\"x\":340,\"h\":60,\"y\":994}",
      "step": "a26a6fb8-0b42-427f-a335-91bb061b4713",
      "stepType": "SCRIPT_STEP",
      "inputMappings": [
        {
          "inputPort": "input",
          "mapping": "${event.properties.ticket_id}",
          "stepInput": "9e7e42fe-a5a9-4fe6-b5dd-d2a221542ed5"
        },
        {
          "inputPort": "input",
          "mapping": "A new event was created in xMatters: event ID ${event.id}",
          "stepInput": "1dcb1d7e-f337-47c6-bef1-e8355b1e71d2"
        },
        {
          "inputPort": "input",
          "mapping": "true",
          "stepInput": "d4893624-7ef1-4e69-80d2-8d970de5590b"
        }
      ]
    },
    {
      "id": "e9d07fa4-aed8-4538-a3d9-0874de24261c",
      "endpoint": "FreshService",
      "label": "FreshService Create Comment",
      "environment": "HOSTED",
      "presentation": "{\"w\":60,\"x\":170,\"h\":60,\"y\":1951}",
      "step": "a26a6fb8-0b42-427f-a335-91bb061b4713",
      "stepType": "SCRIPT_STEP",
      "inputMappings": [
        {
          "inputPort": "input",
          "mapping": "${event.properties.ticket_id}",
          "stepInput": "9e7e42fe-a5a9-4fe6-b5dd-d2a221542ed5"
        },
        {
          "inputPort": "input",
          "mapping": "<strong>${triggerOutputANNOTATION.annotation.author.targetName}</strong> made a comment on their ${triggerOutputANNOTATION.annotation.response.response} response: <strong>${triggerOutputANNOTATION.annotation.comment}</strong>",
          "stepInput": "1dcb1d7e-f337-47c6-bef1-e8355b1e71d2"
        },
        {
          "inputPort": "input",
          "mapping": "true",
          "stepInput": "d4893624-7ef1-4e69-80d2-8d970de5590b"
        }
      ]
    },
    {
      "id": "063917e4-1add-4184-9247-76187ba08b27",
      "label": "Freshservice - Assignment Alert - Freshservice inbound",
      "environment": "HOSTED",
      "presentation": "{\"w\":60,\"x\":0,\"h\":60,\"y\":0}",
      "step": "91ab2d12-90ef-40ba-a104-2429e2c6031a",
      "stepType": "INTEGRATION"
    },
    {
      "id": "af7d276d-17b0-4969-b452-9848856a4502",
      "label": "Freshservice Assignment Alert - Escalations",
      "environment": "HOSTED",
      "presentation": "{\"w\":60,\"x\":0,\"h\":60,\"y\":1632}",
      "step": "17a652b8-59c0-4e89-844d-d4f7eaa157ce",
      "stepType": "INTEGRATION"
    },
    {
      "id": "38090291-387e-4a8c-9e4d-9cc8536c861b",
      "label": "Freshservice Assignment Alert - Event Comments",
      "environment": "HOSTED",
      "presentation": "{\"w\":60,\"x\":0,\"h\":60,\"y\":1951}",
      "step": "96498fa4-c376-40af-8223-619cc25ad44d",
      "stepType": "INTEGRATION"
    },
    {
      "id": "6a81665f-af11-4856-a566-38ef65111d79",
      "label": "Freshservice Assignment Alert - Event Status Updates",
      "environment": "HOSTED",
      "presentation": "{\"w\":60,\"x\":0,\"h\":60,\"y\":994}",
      "step": "1a83c875-ce62-4a56-96fa-507f3f6c9b14",
      "stepType": "INTEGRATION"
    },
    {
      "id": "a80fb15f-c4cc-4911-aca1-b2f398256468",
      "label": "Freshservice alert - Device Delivery Updates",
      "environment": "HOSTED",
      "presentation": "{\"w\":60,\"x\":0,\"h\":60,\"y\":1313}",
      "step": "1dc01d39-791a-4501-a16a-eb79a104bc3b",
      "stepType": "INTEGRATION"
    },
    {
      "id": "68e5801e-fe67-4ccb-ae2c-e9b87e03ec5c",
      "label": "Resolve",
      "environment": "HOSTED",
      "presentation": "{}",
      "step": "c6ca33eb-a0a0-42fb-b458-aeecfad63b1c",
      "stepType": "INTEGRATION"
    },
    {
      "id": "1dcbb799-c06d-41c7-9583-744ce2ede484",
      "label": "Responses",
      "environment": "HOSTED",
      "presentation": "{\"w\":100,\"x\":0,\"h\":50,\"y\":170}",
      "stepType": "RESPONSES"
    },
    {
      "id": "7ad495bb-0cdf-4b95-a2ca-1aef8cb11f9b",
      "label": "Switch",
      "environment": "HOSTED",
      "presentation": "{\"w\":60,\"x\":170,\"h\":60,\"y\":845}",
      "stepType": "SWITCH",
      "inputMappings": [
        {
          "inputPort": "input",
          "mapping": "${triggerOutputSTATUS.statusChanged.auditType}"
        }
      ],
      "switchCases": [
        {
          "caseId": "58da549e-5c01-4fc0-b921-19dd42ba1e75",
          "caseValue": "EVENT_CREATED"
        }
      ]
    },
    {
      "id": "247104fd-59a3-4a9a-a45f-b787ae7c8319",
      "label": "xMatters - Get a Persons Work Devices",
      "environment": "HOSTED",
      "presentation": "{\"w\":60,\"x\":150,\"h\":60,\"y\":326}",
      "step": "b84d2b78-ef5a-4a54-91a9-f8de35294865",
      "stepType": "SCRIPT_STEP",
      "inputMappings": [
        {
          "inputPort": "input",
          "mapping": "${triggerOutputRESPONSE.respondedTo.by.targetName}",
          "stepInput": "a76e7fa1-c946-48a8-8f59-d6aef77b80b3"
        }
      ]
    },
    {
      "id": "09b29933-85b4-484b-8234-39de18fe374b",
      "label": "xMatters Create Event - Freshservice alert",
      "environment": "HOSTED",
      "presentation": "{\"w\":60,\"x\":170,\"h\":60,\"y\":0}",
      "step": "940c763b-3a02-4d88-9054-85d51b1f9293",
      "stepType": "CREATE_EVENT",
      "inputMappings": [
        {
          "inputPort": "input",
          "mapping": "${063917e4-1add-4184-9247-76187ba08b27.ticket_group_name}",
          "sectionItemKey": "ad07bf7f-9e01-41df-8a1c-937a559cd15f"
        },
        {
          "inputPort": "input",
          "mapping": "${063917e4-1add-4184-9247-76187ba08b27.ticket_type}",
          "sectionItemKey": "0375a2c5-3cf2-456e-99a3-d31e11ca275a"
        },
        {
          "inputPort": "input",
          "mapping": "${063917e4-1add-4184-9247-76187ba08b27.ticket_priority}",
          "sectionItemKey": "d3a9cb61-6a27-4d27-b012-473d238f228c"
        },
        {
          "inputPort": "input",
          "mapping": "${063917e4-1add-4184-9247-76187ba08b27.ticket_urgency}",
          "sectionItemKey": "5a428eda-c798-430b-a09d-bfb9fe19a147"
        },
        {
          "inputPort": "input",
          "mapping": "${063917e4-1add-4184-9247-76187ba08b27.ticket_tags}",
          "sectionItemKey": "afc9dda8-dbd2-4ed4-854a-099553ddb435"
        },
        {
          "inputPort": "input",
          "mapping": "${063917e4-1add-4184-9247-76187ba08b27.ticket_url}",
          "sectionItemKey": "243dd310-f130-4e94-8cac-f9e77e432303"
        },
        {
          "inputPort": "input",
          "mapping": "${063917e4-1add-4184-9247-76187ba08b27.ticket_subject}",
          "sectionItemKey": "28299cc7-59d7-4538-a3c9-54371363e269"
        },
        {
          "inputPort": "input",
          "mapping": "${063917e4-1add-4184-9247-76187ba08b27.ticket_requester_name}",
          "sectionItemKey": "31fcad7e-3fe7-4177-aa8f-593df3812afd"
        },
        {
          "inputPort": "input",
          "mapping": "${063917e4-1add-4184-9247-76187ba08b27.ticket.created.at}",
          "sectionItemKey": "306ee051-eadb-4753-8fc0-dba7bb6c72f7"
        },
        {
          "inputPort": "input",
          "mapping": "${063917e4-1add-4184-9247-76187ba08b27.ticket_impact}",
          "sectionItemKey": "9131db67-6bad-4cce-a594-516ffd628aa8"
        },
        {
          "inputPort": "input",
          "mapping": "${063917e4-1add-4184-9247-76187ba08b27.ticket_group_name}",
          "sectionItemKey": "recipients"
        },
        {
          "inputPort": "input",
          "mapping": "${063917e4-1add-4184-9247-76187ba08b27.ticket_status}",
          "sectionItemKey": "65daeaef-3b71-4df7-9306-993a4d5fb0c7"
        },
        {
          "inputPort": "input",
          "mapping": "${063917e4-1add-4184-9247-76187ba08b27.ticket_description}",
          "sectionItemKey": "a2fa26f6-e8e5-43b5-aa0d-fb80cbb57291"
        },
        {
          "inputPort": "input",
          "mapping": "${063917e4-1add-4184-9247-76187ba08b27.ticket_public_url}",
          "sectionItemKey": "5bed5318-d01d-4f09-a4fe-76b9ee2b487a"
        },
        {
          "inputPort": "input",
          "mapping": "${063917e4-1add-4184-9247-76187ba08b27.ticket_category}",
          "sectionItemKey": "6fd1961c-d803-4c69-a509-511659439bb4"
        },
        {
          "inputPort": "input",
          "mapping": "${063917e4-1add-4184-9247-76187ba08b27.ticket_id}",
          "sectionItemKey": "f189afea-df0d-4a76-88d1-7a4c53b9ef0d"
        },
        {
          "inputPort": "input",
          "mapping": "${063917e4-1add-4184-9247-76187ba08b27.current_date_and_time}",
          "sectionItemKey": "3cbb6f92-d3ad-46d5-9ecf-0e12b20a1846"
        }
      ]
    }
  ],
  "edges": [
    {
      "fromBlock": "a80fb15f-c4cc-4911-aca1-b2f398256468",
      "fromPort": "output",
      "toBlock": "b017d05c-fb2b-4026-93e2-5283a47b45f6",
      "toPort": "input"
    },
    {
      "fromBlock": "ab099a4a-ceed-4bab-a64b-7890f5bba100",
      "fromPort": "output",
      "toBlock": "247104fd-59a3-4a9a-a45f-b787ae7c8319",
      "toPort": "input"
    },
    {
      "fromBlock": "af7d276d-17b0-4969-b452-9848856a4502",
      "fromPort": "output",
      "toBlock": "3932a683-9287-4efc-9a42-0f2da5280d9c",
      "toPort": "input"
    },
    {
      "fromBlock": "b3380d39-cee9-492e-ab7c-43dedeac8e89",
      "fromPort": "output",
      "toBlock": "a11a2e7f-aea1-4745-a0da-9c3634b92810",
      "toPort": "input"
    },
    {
      "fromBlock": "063917e4-1add-4184-9247-76187ba08b27",
      "fromPort": "output",
      "toBlock": "09b29933-85b4-484b-8234-39de18fe374b",
      "toPort": "input"
    },
    {
      "fromBlock": "247104fd-59a3-4a9a-a45f-b787ae7c8319",
      "fromPort": "output",
      "toBlock": "b3380d39-cee9-492e-ab7c-43dedeac8e89",
      "toPort": "input"
    },
    {
      "fromBlock": "38090291-387e-4a8c-9e4d-9cc8536c861b",
      "fromPort": "output",
      "toBlock": "e9d07fa4-aed8-4538-a3d9-0874de24261c",
      "toPort": "input"
    },
    {
      "fromBlock": "3932a683-9287-4efc-9a42-0f2da5280d9c",
      "fromPort": "69fe0c77-45e5-45b0-ab55-cf8112dc934f",
      "toBlock": "cf712feb-e2cc-476c-8738-eab60e064847",
      "toPort": "input"
    },
    {
      "fromBlock": "3932a683-9287-4efc-9a42-0f2da5280d9c",
      "fromPort": "output",
      "toBlock": "1e47a586-44d6-49b2-9ced-ea708e20831f",
      "toPort": "input"
    },
    {
      "fromBlock": "68e5801e-fe67-4ccb-ae2c-e9b87e03ec5c",
      "fromPort": "output",
      "toBlock": "9774403d-fef5-4a14-a8b8-3d184624df61",
      "toPort": "input"
    },
    {
      "fromBlock": "6a81665f-af11-4856-a566-38ef65111d79",
      "fromPort": "output",
      "toBlock": "7ad495bb-0cdf-4b95-a2ca-1aef8cb11f9b",
      "toPort": "input"
    },
    {
      "fromBlock": "7ad495bb-0cdf-4b95-a2ca-1aef8cb11f9b",
      "fromPort": "58da549e-5c01-4fc0-b921-19dd42ba1e75",
      "toBlock": "ccf3aeb8-749a-4dd4-9afc-ff799bd04460",
      "toPort": "input"
    }
  ]
}