{
  "name": "Freshservice - Engage with xMatters",
  "form": "cd4630d7-2d39-48cb-ba3d-1eebd13f3589",
  "blocks": [
    {
      "id": "822b1d99-be0c-4e09-a8e5-69485e38713d",
      "label": "Acknowledge",
      "environment": "HOSTED",
      "presentation": "{}",
      "step": "8486b061-392d-4640-9210-955bfba1af8b",
      "stepType": "INTEGRATION"
    },
    {
      "id": "b6311880-761d-44c7-aabe-fc4e9bb19953",
      "label": "Escalate",
      "environment": "HOSTED",
      "presentation": "{}",
      "step": "c8522668-f8c2-49d6-a806-232eba76d583",
      "stepType": "INTEGRATION"
    },
    {
      "id": "808b7b10-d3e5-4b23-876c-32b1128ffe56",
      "endpoint": "FreshService",
      "label": "FreshService - Create Note",
      "environment": "HOSTED",
      "presentation": "{\"w\":60,\"x\":235,\"h\":60,\"y\":-135}",
      "step": "a26a6fb8-0b42-427f-a335-91bb061b4713",
      "stepType": "SCRIPT_STEP",
      "inputMappings": [
        {
          "inputPort": "input",
          "mapping": "${361769eb-10b1-41f2-807a-908548ffeab1.ticket_id}",
          "stepInput": "9e7e42fe-a5a9-4fe6-b5dd-d2a221542ed5"
        },
        {
          "inputPort": "input",
          "mapping": "<strong>${361769eb-10b1-41f2-807a-908548ffeab1.ticket_tags}</strong> group(s) were engaged to help resolve this incident",
          "stepInput": "1dcb1d7e-f337-47c6-bef1-e8355b1e71d2"
        },
        {
          "inputPort": "input",
          "mapping": "true",
          "stepInput": "d4893624-7ef1-4e69-80d2-8d970de5590b"
        }
      ]
    },
    {
      "id": "979a2f18-c7d8-4371-a74e-83f3b8b27a96",
      "endpoint": "FreshService",
      "label": "FreshService - Create Note",
      "environment": "HOSTED",
      "presentation": "{\"w\":60,\"x\":137,\"h\":60,\"y\":173}",
      "step": "a26a6fb8-0b42-427f-a335-91bb061b4713",
      "stepType": "SCRIPT_STEP",
      "inputMappings": [
        {
          "inputPort": "input",
          "mapping": "${event.properties.ticket_id}",
          "stepInput": "9e7e42fe-a5a9-4fe6-b5dd-d2a221542ed5"
        },
        {
          "inputPort": "input",
          "mapping": "${triggerOutputANNOTATION.annotation.author.targetName} made a comment to their ${triggerOutputANNOTATION.annotation.response.response} response: ${triggerOutputANNOTATION.annotation.comment}",
          "stepInput": "1dcb1d7e-f337-47c6-bef1-e8355b1e71d2"
        },
        {
          "inputPort": "input",
          "mapping": "true",
          "stepInput": "d4893624-7ef1-4e69-80d2-8d970de5590b"
        }
      ]
    },
    {
      "id": "00bcffb1-18a5-45ed-bcee-fb7ce8b71f71",
      "endpoint": "FreshService",
      "label": "FreshService - Create Note",
      "environment": "HOSTED",
      "presentation": "{\"w\":60,\"x\":608,\"h\":60,\"y\":-174}",
      "step": "a26a6fb8-0b42-427f-a335-91bb061b4713",
      "stepType": "SCRIPT_STEP",
      "inputMappings": [
        {
          "inputPort": "input",
          "mapping": "${event.properties.ticket_id}",
          "stepInput": "9e7e42fe-a5a9-4fe6-b5dd-d2a221542ed5"
        },
        {
          "inputPort": "input",
          "mapping": "<strong>${triggerOutputRESPONSE.respondedTo.by.targetName}</strong> said they will be joining soon.",
          "stepInput": "1dcb1d7e-f337-47c6-bef1-e8355b1e71d2"
        },
        {
          "inputPort": "input",
          "mapping": "true",
          "stepInput": "d4893624-7ef1-4e69-80d2-8d970de5590b"
        }
      ]
    },
    {
      "id": "9fd34efb-ce80-421c-b8cf-47642b80d7cf",
      "label": "Freshservice - Engage with xMatters - Event Comments",
      "environment": "HOSTED",
      "presentation": "{\"w\":60,\"x\":-2,\"h\":60,\"y\":169}",
      "step": "f98e5866-7123-4b45-97c4-ebb806491e0e",
      "stepType": "INTEGRATION"
    },
    {
      "id": "361769eb-10b1-41f2-807a-908548ffeab1",
      "label": "Freshservice - Engage with xMatters - Freshservice inbound",
      "environment": "HOSTED",
      "presentation": "{\"w\":60,\"x\":-146,\"h\":60,\"y\":-131}",
      "step": "070c1e6b-667f-4cf4-9852-e8a11626f1e3",
      "stepType": "INTEGRATION"
    },
    {
      "id": "4154743c-dd2a-4921-9cc3-17388ae86adf",
      "label": "Responses",
      "environment": "HOSTED",
      "presentation": "{\"w\":100,\"x\":428,\"h\":50,\"y\":-332}",
      "stepType": "RESPONSES"
    },
    {
      "id": "0b5216d8-3bb6-4ed2-83cf-a98d75661599",
      "label": "xMatters Create Event - Freshservice - Engage with xMatters",
      "environment": "HOSTED",
      "presentation": "{\"w\":60,\"x\":52,\"h\":60,\"y\":-132}",
      "step": "cd4630d7-2d39-48cb-ba3d-1eebd13f3589",
      "stepType": "CREATE_EVENT",
      "inputMappings": [
        {
          "inputPort": "input",
          "mapping": "${361769eb-10b1-41f2-807a-908548ffeab1.ticket_id}",
          "sectionItemKey": "f189afea-df0d-4a76-88d1-7a4c53b9ef0d"
        },
        {
          "inputPort": "input",
          "mapping": "${361769eb-10b1-41f2-807a-908548ffeab1.ticket.created.at}",
          "sectionItemKey": "306ee051-eadb-4753-8fc0-dba7bb6c72f7"
        },
        {
          "inputPort": "input",
          "mapping": "${361769eb-10b1-41f2-807a-908548ffeab1.ticket_status}",
          "sectionItemKey": "65daeaef-3b71-4df7-9306-993a4d5fb0c7"
        },
        {
          "inputPort": "input",
          "mapping": "${361769eb-10b1-41f2-807a-908548ffeab1.ticket_urgency}",
          "sectionItemKey": "5a428eda-c798-430b-a09d-bfb9fe19a147"
        },
        {
          "inputPort": "input",
          "mapping": "${361769eb-10b1-41f2-807a-908548ffeab1.ticket_priority}",
          "sectionItemKey": "d3a9cb61-6a27-4d27-b012-473d238f228c"
        },
        {
          "inputPort": "input",
          "mapping": "${361769eb-10b1-41f2-807a-908548ffeab1.ticket_tags}",
          "sectionItemKey": "recipients"
        },
        {
          "inputPort": "input",
          "mapping": "${361769eb-10b1-41f2-807a-908548ffeab1.ticket_group_name}",
          "sectionItemKey": "ad07bf7f-9e01-41df-8a1c-937a559cd15f"
        },
        {
          "inputPort": "input",
          "mapping": "${361769eb-10b1-41f2-807a-908548ffeab1.ticket_impact}",
          "sectionItemKey": "9131db67-6bad-4cce-a594-516ffd628aa8"
        },
        {
          "inputPort": "input",
          "mapping": "${361769eb-10b1-41f2-807a-908548ffeab1.ticket_url}",
          "sectionItemKey": "243dd310-f130-4e94-8cac-f9e77e432303"
        },
        {
          "inputPort": "input",
          "mapping": "${361769eb-10b1-41f2-807a-908548ffeab1.ticket.agent.name}",
          "sectionItemKey": "f33dc6c6-7bf3-4fe8-a686-5fa950d1b74a"
        },
        {
          "inputPort": "input",
          "mapping": "${361769eb-10b1-41f2-807a-908548ffeab1.ticket_type}",
          "sectionItemKey": "0375a2c5-3cf2-456e-99a3-d31e11ca275a"
        },
        {
          "inputPort": "input",
          "mapping": "${361769eb-10b1-41f2-807a-908548ffeab1.ticket_subject}",
          "sectionItemKey": "28299cc7-59d7-4538-a3c9-54371363e269"
        }
      ]
    }
  ],
  "edges": [
    {
      "fromBlock": "822b1d99-be0c-4e09-a8e5-69485e38713d",
      "fromPort": "output",
      "toBlock": "00bcffb1-18a5-45ed-bcee-fb7ce8b71f71",
      "toPort": "input"
    },
    {
      "fromBlock": "9fd34efb-ce80-421c-b8cf-47642b80d7cf",
      "fromPort": "output",
      "toBlock": "979a2f18-c7d8-4371-a74e-83f3b8b27a96",
      "toPort": "input"
    },
    {
      "fromBlock": "0b5216d8-3bb6-4ed2-83cf-a98d75661599",
      "fromPort": "output",
      "toBlock": "808b7b10-d3e5-4b23-876c-32b1128ffe56",
      "toPort": "input"
    },
    {
      "fromBlock": "361769eb-10b1-41f2-807a-908548ffeab1",
      "fromPort": "output",
      "toBlock": "0b5216d8-3bb6-4ed2-83cf-a98d75661599",
      "toPort": "input"
    }
  ]
}