{
  "integrations": [
    {
      "id": "59724ec3-99ea-4f83-8d6b-bf981be56b29",
      "name": "Freshservice alert - Device Delivery Updates",
      "action": "RUN_SCRIPT",
      "type": "OUTBOUND_WEBHOOK",
      "triggeredBy": "DELIVERYSTATUS",
      "deployed": true,
      "form": "e072a42c-b7fa-47b7-804c-262114dc9f65",
      "environment": "HOSTED",
      "authType": "NONE",
      "createdBy": "FLOW"
    },
    {
      "id": "ee590d08-a958-4984-8adf-4e5038b4dc64",
      "name": "Freshservice - Assignment Alert - Acknowledge",
      "action": "RUN_SCRIPT",
      "type": "OUTBOUND_WEBHOOK",
      "triggeredBy": "RESPONSE",
      "responseChoice": "Acknowledge",
      "deployed": true,
      "form": "e072a42c-b7fa-47b7-804c-262114dc9f65",
      "environment": "HOSTED",
      "authType": "NONE",
      "createdBy": "FLOW"
    },
    {
      "id": "0cca125b-aec0-4c1f-b44f-72d13473caa7",
      "name": "Freshservice - Assignment Alert - Escalate",
      "action": "RUN_SCRIPT",
      "type": "OUTBOUND_WEBHOOK",
      "triggeredBy": "RESPONSE",
      "responseChoice": "Escalate",
      "deployed": true,
      "form": "e072a42c-b7fa-47b7-804c-262114dc9f65",
      "environment": "HOSTED",
      "authType": "NONE",
      "createdBy": "FLOW"
    },
    {
      "id": "02b3dff1-d61d-447e-a52c-924cd04df5ca",
      "name": "Freshservice Assignment Alert - Escalations",
      "action": "RUN_SCRIPT",
      "type": "OUTBOUND_WEBHOOK",
      "triggeredBy": "ESCALATION",
      "deployed": true,
      "form": "e072a42c-b7fa-47b7-804c-262114dc9f65",
      "environment": "HOSTED",
      "authType": "NONE",
      "createdBy": "FLOW"
    },
    {
      "id": "152c8b86-a6ba-4608-8c40-099db0ee7e8d",
      "name": "Freshservice Assignment Alert - Event Comments",
      "action": "RUN_SCRIPT",
      "type": "OUTBOUND_WEBHOOK",
      "triggeredBy": "ANNOTATION",
      "deployed": true,
      "form": "e072a42c-b7fa-47b7-804c-262114dc9f65",
      "environment": "HOSTED",
      "authType": "NONE",
      "createdBy": "FLOW"
    },
    {
      "id": "34013cc1-6234-45f2-9547-a0bebca65e8d",
      "name": "Freshservice Assignment Alert - Event Status Updates",
      "action": "RUN_SCRIPT",
      "type": "OUTBOUND_WEBHOOK",
      "triggeredBy": "STATUS",
      "deployed": true,
      "form": "e072a42c-b7fa-47b7-804c-262114dc9f65",
      "environment": "HOSTED",
      "authType": "NONE",
      "createdBy": "FLOW"
    },
    {
      "id": "272d7e53-9b65-46b3-b564-c233a96b33b4",
      "name": "Freshservice - Assignment Alert - Freshservice inbound",
      "action": "RUN_SCRIPT",
      "type": "INBOUND_WEBHOOK",
      "deployed": true,
      "form": "e072a42c-b7fa-47b7-804c-262114dc9f65",
      "environment": "HOSTED",
      "authType": "URL",
      "createdBy": "FLOW",
      "integrationScriptStepUuid": "7e9df3a0-3003-49ac-ab5f-ded0d3945695"
    },
    {
      "id": "85ad9e6a-9dac-4733-b792-439d33d34f89",
      "name": "Freshservice - Assignment Alert - Resolve",
      "action": "RUN_SCRIPT",
      "type": "OUTBOUND_WEBHOOK",
      "triggeredBy": "RESPONSE",
      "responseChoice": "Resolve",
      "deployed": true,
      "form": "e072a42c-b7fa-47b7-804c-262114dc9f65",
      "environment": "HOSTED",
      "authType": "NONE",
      "createdBy": "FLOW"
    },
    {
      "id": "1e59a26a-532d-4c0d-a878-45ea7710cdd0",
      "name": "Freshservice - Engage with xMatters - Acknowledge",
      "action": "RUN_SCRIPT",
      "type": "OUTBOUND_WEBHOOK",
      "triggeredBy": "RESPONSE",
      "responseChoice": "Acknowledge",
      "deployed": true,
      "form": "2c8f6dd1-cdd3-478f-9505-31f8a1c56a8b",
      "environment": "HOSTED",
      "authType": "NONE",
      "createdBy": "FLOW"
    },
    {
      "id": "36fd246c-0bab-4f59-95db-583d28df876d",
      "name": "Freshservice - Engage with xMatters - Escalate",
      "action": "RUN_SCRIPT",
      "type": "OUTBOUND_WEBHOOK",
      "triggeredBy": "RESPONSE",
      "responseChoice": "Escalate",
      "deployed": true,
      "form": "2c8f6dd1-cdd3-478f-9505-31f8a1c56a8b",
      "environment": "HOSTED",
      "authType": "NONE",
      "createdBy": "FLOW"
    },
    {
      "id": "3bc77a02-4508-4597-b20d-d337abc30e28",
      "name": "Freshservice - Engage with xMatters - Event Comments",
      "action": "RUN_SCRIPT",
      "type": "OUTBOUND_WEBHOOK",
      "triggeredBy": "ANNOTATION",
      "deployed": true,
      "form": "2c8f6dd1-cdd3-478f-9505-31f8a1c56a8b",
      "environment": "HOSTED",
      "authType": "NONE",
      "createdBy": "FLOW"
    },
    {
      "id": "a22ad123-d5b4-4870-bc34-de4864fc5859",
      "name": "Freshservice - Engage with xMatters - Freshservice inbound",
      "action": "RUN_SCRIPT",
      "type": "INBOUND_WEBHOOK",
      "deployed": true,
      "form": "2c8f6dd1-cdd3-478f-9505-31f8a1c56a8b",
      "environment": "HOSTED",
      "authType": "URL",
      "createdBy": "FLOW",
      "integrationScriptStepUuid": "7e9df3a0-3003-49ac-ab5f-ded0d3945695"
    },
    {
      "id": "987c3065-05c3-4d80-ac8b-96a69688be7f",
      "name": "Freshservice - Inform with xMatters - Freshservice inbound",
      "action": "RUN_SCRIPT",
      "type": "INBOUND_WEBHOOK",
      "deployed": true,
      "form": "8d7840e2-255c-4e0a-8580-62d1f3ab6b0a",
      "environment": "HOSTED",
      "authType": "URL",
      "createdBy": "FLOW",
      "integrationScriptStepUuid": "7e9df3a0-3003-49ac-ab5f-ded0d3945695"
    }
  ],
  "endpoints": [
    {
      "name": "FreshService",
      "baseUrl": "https://domain.freshservice.com",
      "type": "EXTERNAL",
      "authentication": "BASIC"
    }
  ],
  "constants": [
    {
      "name": "Base Link to FreshService Incident",
      "value": "https://domain.freshservice.com/helpdesk/tickets/",
      "description": "has a slash"
    }
  ]
}