[
  {
    "id": "a95fe344-2893-4a19-8ed3-54e3256f915c",
    "name": "FreshService - Create Note",
    "description": "",
    "icon": "https://s3-xmatters-static.s3.amazonaws.com/null/customers/c7ec6115-b3a8-4568-a32f-bd79a16602fe/IMAGE__20200326153450415__freshservice.png",
    "script": "console.log(\"****************STARTING MAKING COMMENT STEP\")\n\nvar longincId = input['Ticket ID'].split(\"-\");\nvar short_id = longincId[1];\n\nvar bool = (input['Make Comment Private'] && input['Make Comment Private'].toLowerCase() == \"true\" ? true : false);\n\nvar apiRequest = http.request({\n    'endpoint': 'FreshService',\n    'path': '/api/v2/tickets/' + short_id + '/notes',\n    'method': 'POST'\n});\n\nvar payload = {\n\t\"body\": (input['Comment']),\n\t\"private\": bool\n};\n\nvar apiResponse = apiRequest.write(payload);\nif (apiResponse.statusCode == 200) {\n    var commentsomething = JSON.parse(apiResponse.body);\n}\n\n\n\n\n\n",
    "endpointLabel": "FreshService",
    "allowedEnvironment": "HOSTED",
    "accessibleByAll": "NotShared",
    "scriptStepType": "USER",
    "inputs": [
      {
        "id": "9574ebcf-1881-4db4-afd4-7d0e322074f8",
        "name": "Ticket ID",
        "helpText": "",
        "defaultValue": "",
        "multiline": false,
        "required": false,
        "validationRegex": "",
        "maxLength": 2000,
        "minLength": 0,
        "position": 0
      },
      {
        "id": "2879d4e7-e5b5-424a-8d41-1f24a597bd23",
        "name": "Comment",
        "helpText": "Content of the note in HTML format",
        "defaultValue": "",
        "multiline": true,
        "required": false,
        "validationRegex": "",
        "maxLength": 2000,
        "minLength": 0,
        "position": 1
      },
      {
        "id": "d3c7c36a-12b7-4881-94bb-7a99c4daaec5",
        "name": "Make Comment Private",
        "helpText": "Type of comment to add: set to \"false\" to add a public reply or \"true\" to add an internal note.",
        "defaultValue": "true",
        "multiline": false,
        "required": false,
        "validationRegex": "",
        "maxLength": 2000,
        "minLength": 0,
        "position": 2
      }
    ],
    "outputs": [
      {
        "id": "981a8eb4-e179-4430-8dbd-c72470c7877b",
        "name": "conversation_id",
        "description": "",
        "position": 0
      }
    ],
    "libraries": []
  },
  {
    "id": "7e9df3a0-3003-49ac-ab5f-ded0d3945695",
    "name": "Freshservice inbound",
    "description": "",
    "icon": "https://s3-xmatters-static.s3.amazonaws.com/null/customers/c7ec6115-b3a8-4568-a32f-bd79a16602fe/IMAGE__20200326153450415__freshservice.png",
    "script": "\nvar payload = JSON.parse(request.body);  //Use this if the payload is a JSON object in the request body\n\nconsole.log(payload)\n\noutput['ticket_id'] = payload.freshdesk_webhook.ticket_id;\noutput['ticket_description'] = payload.freshdesk_webhook.ticket_description;\noutput['ticket_url'] = payload.freshdesk_webhook.ticket_url;\noutput['ticket_public_url'] = payload.freshdesk_webhook.ticket_public_url;\noutput['ticket_tags'] = payload.freshdesk_webhook.ticket_tags;\noutput['ticket_group_name'] = payload.freshdesk_webhook.ticket_group_name;\noutput['ticket_priority'] = payload.freshdesk_webhook.ticket_priority;\noutput['ticket_type'] = payload.freshdesk_webhook.ticket_type;\noutput['ticket_urgency'] = payload.freshdesk_webhook.ticket_urgency;\noutput['ticket_impact'] = payload.freshdesk_webhook.ticket_impact;\noutput['ticket_category'] = payload.freshdesk_webhook.ticket_category;\noutput['ticket_requester_name'] = payload.freshdesk_webhook.ticket_requester_name;\noutput['ticket_subject'] = payload.freshdesk_webhook.ticket_subject;\noutput['current_date_and_time'] = payload.freshdesk_webhook.current_date_and_time;\noutput['ticket.agent.name'] = payload.freshdesk_webhook.ticket_agent_name;\noutput['ticket_latest_public_comment'] = payload.freshdesk_webhook.ticket_latest_public_comment;\noutput['ticket.created.at'] = payload.freshdesk_webhook.created_at;\noutput['ticket_status'] = payload.freshdesk_webhook.ticket_status\n",
    "endpointLabel": "",
    "allowedEnvironment": "HOSTED",
    "accessibleByAll": "NotShared",
    "triggerAuthType": "URL_AUTH",
    "scriptStepType": "CUSTOM_HTTP",
    "inputs": [],
    "outputs": [
      {
        "id": "8c0eb0dc-a60b-4dfc-a363-11e3701b6a10",
        "name": "ticket_id",
        "description": "",
        "position": 0
      },
      {
        "id": "1361585d-3ccc-4562-89a0-fdaf3826062b",
        "name": "ticket_description",
        "description": "",
        "position": 1
      },
      {
        "id": "6837e440-6083-4d6a-b439-dfef146d68d0",
        "name": "ticket_url",
        "description": "",
        "position": 2
      },
      {
        "id": "6066b6e6-19a9-4da0-b94f-9bc9961e7dbb",
        "name": "ticket_public_url",
        "description": "",
        "position": 3
      },
      {
        "id": "7c603b9a-5ed8-4e79-805b-a55bc33ab7fd",
        "name": "ticket_tags",
        "description": "",
        "position": 4
      },
      {
        "id": "d864e909-a487-4b10-828d-7e0cff0e5015",
        "name": "ticket_group_name",
        "description": "",
        "position": 5
      },
      {
        "id": "83a20818-6cd4-45e0-89b0-b69149edfa71",
        "name": "ticket_priority",
        "description": "",
        "position": 6
      },
      {
        "id": "4eb16be2-fe39-48a5-812b-7131b3aafe5c",
        "name": "ticket_type",
        "description": "",
        "position": 7
      },
      {
        "id": "2a9ae1de-5b37-49fd-8656-ab847fc7d261",
        "name": "ticket_urgency",
        "description": "",
        "position": 8
      },
      {
        "id": "5a5ec640-db59-43c5-828b-fd6244895e1e",
        "name": "ticket_impact",
        "description": "",
        "position": 9
      },
      {
        "id": "db1806f2-70ed-45bd-848e-b420ced51e60",
        "name": "ticket_category",
        "description": "",
        "position": 10
      },
      {
        "id": "58c0fe1a-f249-495e-bf8c-6e6c26f38bc5",
        "name": "ticket_requester_name",
        "description": "",
        "position": 11
      },
      {
        "id": "3b68a542-f3fe-423f-9a93-7273511a95a5",
        "name": "ticket_subject",
        "description": "",
        "position": 12
      },
      {
        "id": "a2d21b46-e544-4534-945c-1f26c2052730",
        "name": "current_date_and_time",
        "description": "",
        "position": 13
      },
      {
        "id": "01371ebb-63bb-46b2-8fd0-9fdfdb85ffd3",
        "name": "ticket.agent.name",
        "description": "",
        "position": 14
      },
      {
        "id": "767bb4ff-8f4f-45e4-9e34-70b9257228e2",
        "name": "ticket_latest_public_comment",
        "description": "",
        "position": 15
      },
      {
        "id": "05cb1435-a74c-4fe4-a151-3694c8dca258",
        "name": "ticket_status",
        "description": "",
        "position": 16
      },
      {
        "id": "13bd30d1-a4d8-4e63-8345-dd3355a88ba3",
        "name": "ticket.created.at",
        "description": "",
        "position": 17
      }
    ],
    "libraries": []
  },
  {
    "id": "a0b912af-d95b-4fd9-a663-ff2b4f5308c4",
    "name": "Freshservice - Parse Note",
    "description": "This step is needed to parse out the HTML part of the Freshservice Note",
    "icon": "https://s3-xmatters-static.s3.amazonaws.com/null/customers/c7ec6115-b3a8-4568-a32f-bd79a16602fe/IMAGE__20200326153450415__freshservice.png",
    "script": "mystring = input['last_public_comment'];\n\n//setup regex to find the html tags and new lines\nre = new RegExp('(<[^>]+>|\\\\n)', 'gs');\n\n//this is using the regex and replacing matches with '' then spliting the result at the ' : ' string.\nmyNewString = mystring.replace(re, '').split(' : ');\n\noutput['agent_commenter'] = myNewString[0];\noutput['note'] = myNewString[1];\n\n",
    "endpointLabel": "",
    "allowedEnvironment": "HOSTED",
    "accessibleByAll": "NotShared",
    "scriptStepType": "USER",
    "inputs": [
      {
        "id": "ea0087ca-cb9a-4ba9-9c93-6000f60176c1",
        "name": "last_public_comment",
        "helpText": "Content of the note in HTML format",
        "defaultValue": "",
        "multiline": true,
        "required": false,
        "validationRegex": "",
        "maxLength": 2000,
        "minLength": 0,
        "position": 0
      }
    ],
    "outputs": [
      {
        "id": "92056516-dc7e-454b-9e1b-553f4e1c3fd8",
        "name": "agent_commenter",
        "description": "",
        "position": 0
      },
      {
        "id": "804e714d-95de-456c-9a1c-55dec5bfb22e",
        "name": "note",
        "description": "",
        "position": 1
      }
    ],
    "libraries": []
  },
  {
    "id": "f9fed54d-923e-4905-8d46-aa32ce216884",
    "name": "FreshService - Update Incident",
    "description": "",
    "icon": "https://s3-xmatters-static.s3.amazonaws.com/null/customers/c7ec6115-b3a8-4568-a32f-bd79a16602fe/IMAGE__20200326153450415__freshservice.png",
    "script": "console.log(\"****************STARTING UPDATING TICKET STEP\")\n\nvar freshServiceHelper = require('freshServiceHelper');\n\nconsole.log(\"****************GETTING UNIQUE AGENT ID\")\nvar apiRequest = http.request({\n    'endpoint': 'FreshService',\n    'path': '/api/v2/agents?email=' + input['Agent Email'],\n    'method': 'GET'\n});\n\nvar apiResponse = apiRequest.write();\nif (apiResponse.statusCode >= 200 && apiResponse.statusCode < 300) {\n    var response = JSON.parse(apiResponse.body);\n    console.log(response);\n}\n\nvar uniqueId = response.agents[0].id;\nconsole.log(uniqueId)\n//output['Agent_ID'] = uniqueId\n\nvar longincId = input['Ticket ID'].split(\"-\");\nvar short_id = longincId[1];\n\nconsole.log(\"****************UPDATING INCIDENT WITH INPUTS\")\n\nvar apiRequest2 = http.request({\n    'endpoint': 'FreshService',\n    'path': '/api/v2/tickets/' + short_id,\n    'method': 'PUT'\n});\n\nvar payload = {\n    \"responder_id\": uniqueId,\n    \"priority\": freshServiceHelper.stringToInteger(input['Priority']),\n    \"status\": parseInt(input['Status']),\n    \"urgency\": freshServiceHelper.stringToInteger(input['Urgency']),\n    \"impact\": freshServiceHelper.stringToInteger(input['Impact']),\n\t\"description\": input['Description'],\n\t\"subject\": input['Subject']\n};\n\nvar apiResponse2 = apiRequest2.write(payload);\nif (apiResponse2.statusCode >= 200 && apiResponse2.statusCode < 300) {\n    var something = JSON.parse(apiResponse2.body);\n}\n\n",
    "endpointLabel": "FreshService",
    "allowedEnvironment": "HOSTED",
    "accessibleByAll": "NotShared",
    "scriptStepType": "USER",
    "inputs": [
      {
        "id": "481e0a64-8aa3-42cb-aef0-4d96b47132f7",
        "name": "Ticket ID",
        "helpText": "",
        "defaultValue": "",
        "multiline": false,
        "required": false,
        "validationRegex": "",
        "maxLength": 2000,
        "minLength": 0,
        "position": 0
      },
      {
        "id": "03cc3a89-c1f1-428c-93a7-10fb55c2079a",
        "name": "Agent Email",
        "helpText": "Freshservice Email for an Agent to look up ID [Can use xMatters \"Work Email\" look up step]",
        "defaultValue": "",
        "multiline": false,
        "required": false,
        "validationRegex": "",
        "maxLength": 2000,
        "minLength": 0,
        "position": 1
      },
      {
        "id": "111da77f-c3b6-4eaa-8ed2-da48c956670d",
        "name": "Status",
        "helpText": "(2 = Open, 3 = Pending, 4 = Resolved, 5 = Closed)",
        "defaultValue": "",
        "multiline": false,
        "required": false,
        "validationRegex": "",
        "maxLength": 2000,
        "minLength": 0,
        "position": 2
      },
      {
        "id": "a78213e8-b983-4dad-a0f6-877566038139",
        "name": "Subject",
        "helpText": "",
        "defaultValue": "",
        "multiline": false,
        "required": false,
        "validationRegex": "",
        "maxLength": 2000,
        "minLength": 0,
        "position": 3
      },
      {
        "id": "d036c72f-97f9-4e23-b944-d38bca98f891",
        "name": "Description",
        "helpText": "Content of the note in HTML format",
        "defaultValue": "",
        "multiline": true,
        "required": false,
        "validationRegex": "",
        "maxLength": 2000,
        "minLength": 0,
        "position": 4
      },
      {
        "id": "f277f26e-c69d-453d-89fd-2b81a85304b5",
        "name": "Priority",
        "helpText": "(Low, Medium, High, Urgent)",
        "defaultValue": "",
        "multiline": false,
        "required": false,
        "validationRegex": "",
        "maxLength": 2000,
        "minLength": 0,
        "position": 5
      },
      {
        "id": "7ec5081a-7f70-4e25-873e-af60245ff2e3",
        "name": "Urgency",
        "helpText": "(Low, Medium, High)",
        "defaultValue": "",
        "multiline": false,
        "required": false,
        "validationRegex": "",
        "maxLength": 2000,
        "minLength": 0,
        "position": 6
      },
      {
        "id": "b0a4e962-2e58-455f-ab94-a095509cc8e8",
        "name": "Impact",
        "helpText": "(Low, Medium, High)",
        "defaultValue": "",
        "multiline": false,
        "required": false,
        "validationRegex": "",
        "maxLength": 2000,
        "minLength": 0,
        "position": 7
      }
    ],
    "outputs": [],
    "libraries": [
      {
        "id": "d4f0b999-a68d-4c8a-8869-968bad333cd9",
        "referenceName": "freshServiceHelper",
        "library": {
          "id": "62510a25-2aea-4f77-92d9-13942769767c",
          "name": "freshServiceHelper - 2",
          "script": "/*\n * Libraries allow you to write code and reuse it in multiple steps in Flow Designer.\n * This example shows you how to add a new function named 'createGreeting'.\n * To use this function in a script, include the following statements, \n * replacing 'hello world' with the library's reference name.\n \n * You can give each library a reference name when you select it to include it to a script.\n\n * var helloWorld = require('hello world');\n * output['Message'] = helloWorld.createGreeting('Dolly');   // \"Hello, Dolly\"\n\n * You cannot require one library in another library.\n */\n \nexports.stringToInteger = function(name) {\nvar number = 0;    \n    switch(name.toLowerCase()) {\n  case \"low\":\n    number = 1;\n    break;\n  case \"medium\":\n    number = 2;\n    break;\n  case \"high\":\n    number = 3;\n    break;\n  case \"urgent\":\n    number = 4;\n  break;\n}\nreturn number;\n}",
          "accessibleByAll": "NotShared"
        }
      }
    ]
  },
  {
    "id": "7a546b7d-cf2f-4d94-a79e-5778bab422f4",
    "name": "xMatters - Get a Persons Work Devices",
    "description": "Step to get Work Device for the person who responded",
    "icon": "/static/images/script_steps/binoculars.png",
    "script": "console.log(\"****************GETTING WORK EMAIL FROM XMATTERS USER WHO RESPONDED\")\n\nvar apiRequest = http.request({\n    'endpoint': 'xMatters',\n    'path': '/api/xm/1/people/' + input['personID'] + \"/devices\",\n    'method': 'GET'\n});\nvar apiResponse = apiRequest.write();\nvar device_list = \"\";\noutput['statusCode'] = apiResponse.statusCode;    \nif (apiResponse.statusCode >= 200 && apiResponse.statusCode < 300) {\n    var response = JSON.parse(apiResponse.body);\n    for (var dev in response.data) {\n        if( response.data[dev].deviceType == \"EMAIL\" && response.data[dev].name == \"Work Email\"){\n            output['Work Email'] = response.data[dev].emailAddress;\n        }\n        if( response.data[dev].deviceType == \"EMAIL\" && response.data[dev].name == \"Home Email\"){\n            output['Home Email'] = response.data[dev].emailAddress;\n        }\n    }\n}",
    "endpointAuthType": "XMATTERS",
    "endpointLabel": "xMatters",
    "allowedEnvironment": "HOSTED",
    "accessibleByAll": "NotShared",
    "scriptStepType": "USER",
    "inputs": [
      {
        "id": "0e80b03d-5263-468e-9d3f-29178ced0fcf",
        "name": "personID",
        "helpText": "",
        "defaultValue": "",
        "multiline": false,
        "required": false,
        "validationRegex": "",
        "maxLength": 2000,
        "minLength": 0,
        "position": 0
      }
    ],
    "outputs": [
      {
        "id": "905ca738-1f40-4cfa-904e-259710e95832",
        "name": "output['Work Email']",
        "description": "",
        "position": 0
      },
      {
        "id": "402231ab-90d6-45fd-93d9-5b5e957de190",
        "name": "output['Home Email']",
        "description": "",
        "position": 1
      },
      {
        "id": "bfb1f27a-bb23-47b3-b625-588d678271b4",
        "name": "output['statusCode']",
        "description": "",
        "position": 2
      }
    ],
    "libraries": []
  }
]