[
  {
    "baseType": 3,
    "name": "current_time",
    "defaultValue": "",
    "description": "",
    "helpText": "",
    "isSystem": false,
    "minLength": 0,
    "maxLength": 1000,
    "validationRegex": "",
    "isValidate": false,
    "uuid": "3cbb6f92-d3ad-46d5-9ecf-0e12b20a1846"
  },
  {
    "baseType": 3,
    "name": "FYI Update",
    "defaultValue": "",
    "description": "",
    "helpText": "",
    "isSystem": false,
    "minLength": 0,
    "maxLength": 10000,
    "validationRegex": "",
    "isValidate": false,
    "uuid": "f0a54735-41a7-4851-9662-2ec85ea2292c"
  },
  {
    "baseType": 3,
    "name": "invited by",
    "defaultValue": "",
    "description": "",
    "helpText": "",
    "isSystem": false,
    "minLength": 0,
    "maxLength": 1000,
    "validationRegex": "",
    "isValidate": false,
    "uuid": "f33dc6c6-7bf3-4fe8-a686-5fa950d1b74a"
  },
  {
    "baseType": 3,
    "name": "opened_at",
    "defaultValue": "",
    "description": "",
    "helpText": "",
    "isSystem": false,
    "minLength": 0,
    "maxLength": 1000,
    "validationRegex": "",
    "isValidate": false,
    "uuid": "306ee051-eadb-4753-8fc0-dba7bb6c72f7"
  },
  {
    "baseType": 3,
    "name": "ticket_category",
    "defaultValue": "",
    "description": "",
    "helpText": "",
    "isSystem": false,
    "minLength": 0,
    "maxLength": 10000,
    "validationRegex": "",
    "isValidate": false,
    "uuid": "6fd1961c-d803-4c69-a509-511659439bb4"
  },
  {
    "baseType": 3,
    "name": "ticket_description",
    "defaultValue": "",
    "description": "",
    "helpText": "",
    "isSystem": false,
    "minLength": 0,
    "maxLength": 10000,
    "validationRegex": "",
    "isValidate": false,
    "uuid": "a2fa26f6-e8e5-43b5-aa0d-fb80cbb57291"
  },
  {
    "baseType": 3,
    "name": "ticket_group_name",
    "defaultValue": "",
    "description": "",
    "helpText": "",
    "isSystem": false,
    "minLength": 0,
    "maxLength": 1000,
    "validationRegex": "",
    "isValidate": false,
    "uuid": "ad07bf7f-9e01-41df-8a1c-937a559cd15f"
  },
  {
    "baseType": 3,
    "name": "ticket_id",
    "defaultValue": "",
    "description": "",
    "helpText": "",
    "isSystem": false,
    "minLength": 0,
    "maxLength": 10000,
    "validationRegex": "",
    "isValidate": false,
    "uuid": "f189afea-df0d-4a76-88d1-7a4c53b9ef0d"
  },
  {
    "baseType": 3,
    "name": "ticket_impact",
    "defaultValue": "",
    "description": "",
    "helpText": "",
    "isSystem": false,
    "minLength": 0,
    "maxLength": 1000,
    "validationRegex": "",
    "isValidate": false,
    "uuid": "9131db67-6bad-4cce-a594-516ffd628aa8"
  },
  {
    "baseType": 3,
    "name": "ticket_priority",
    "defaultValue": "",
    "description": "",
    "helpText": "",
    "isSystem": false,
    "minLength": 0,
    "maxLength": 10000,
    "validationRegex": "",
    "isValidate": false,
    "uuid": "d3a9cb61-6a27-4d27-b012-473d238f228c"
  },
  {
    "baseType": 3,
    "name": "ticket_public_url",
    "defaultValue": "",
    "description": "",
    "helpText": "",
    "isSystem": false,
    "minLength": 0,
    "maxLength": 10000,
    "validationRegex": "",
    "isValidate": false,
    "uuid": "5bed5318-d01d-4f09-a4fe-76b9ee2b487a"
  },
  {
    "baseType": 3,
    "name": "ticket_requester_name",
    "defaultValue": "",
    "description": "",
    "helpText": "",
    "isSystem": false,
    "minLength": 0,
    "maxLength": 10000,
    "validationRegex": "",
    "isValidate": false,
    "uuid": "31fcad7e-3fe7-4177-aa8f-593df3812afd"
  },
  {
    "baseType": 3,
    "name": "ticket_status",
    "defaultValue": "",
    "description": "",
    "helpText": "",
    "isSystem": false,
    "minLength": 0,
    "maxLength": 1000,
    "validationRegex": "",
    "isValidate": false,
    "uuid": "65daeaef-3b71-4df7-9306-993a4d5fb0c7"
  },
  {
    "baseType": 3,
    "name": "ticket_subject",
    "defaultValue": "",
    "description": "",
    "helpText": "",
    "isSystem": false,
    "minLength": 0,
    "maxLength": 1000,
    "validationRegex": "",
    "isValidate": false,
    "uuid": "28299cc7-59d7-4538-a3c9-54371363e269"
  },
  {
    "baseType": 3,
    "name": "ticket_tags",
    "defaultValue": "",
    "description": "",
    "helpText": "",
    "isSystem": false,
    "minLength": 0,
    "maxLength": 10000,
    "validationRegex": "",
    "isValidate": false,
    "uuid": "afc9dda8-dbd2-4ed4-854a-099553ddb435"
  },
  {
    "baseType": 3,
    "name": "ticket_type",
    "defaultValue": "",
    "description": "",
    "helpText": "",
    "isSystem": false,
    "minLength": 0,
    "maxLength": 10000,
    "validationRegex": "",
    "isValidate": false,
    "uuid": "0375a2c5-3cf2-456e-99a3-d31e11ca275a"
  },
  {
    "baseType": 3,
    "name": "ticket_urgency",
    "defaultValue": "",
    "description": "",
    "helpText": "",
    "isSystem": false,
    "minLength": 0,
    "maxLength": 10000,
    "validationRegex": "",
    "isValidate": false,
    "uuid": "5a428eda-c798-430b-a09d-bfb9fe19a147"
  },
  {
    "baseType": 3,
    "name": "ticket_url",
    "defaultValue": "",
    "description": "",
    "helpText": "",
    "isSystem": false,
    "minLength": 0,
    "maxLength": 1000,
    "validationRegex": "",
    "isValidate": false,
    "uuid": "243dd310-f130-4e94-8cac-f9e77e432303"
  }
]