[
  {
    "baseType": 3,
    "name": "current_time",
    "defaultValue": "",
    "description": "",
    "helpText": "",
    "isSystem": false,
    "minLength": 0,
    "maxLength": 1000,
    "validationRegex": "",
    "isValidate": false,
    "uuid": "173ce851-2288-4b10-8ba0-6baeff5b6543"
  },
  {
    "baseType": 3,
    "name": "FYI Update",
    "defaultValue": "",
    "description": "",
    "helpText": "",
    "isSystem": false,
    "minLength": 0,
    "maxLength": 10000,
    "validationRegex": "",
    "isValidate": false,
    "uuid": "477195ca-5f3a-41ab-9663-cd2bf5821dc6"
  },
  {
    "baseType": 3,
    "name": "invited by",
    "defaultValue": "",
    "description": "",
    "helpText": "",
    "isSystem": false,
    "minLength": 0,
    "maxLength": 1000,
    "validationRegex": "",
    "isValidate": false,
    "uuid": "9d897241-8576-43ab-9ab6-38e73a00afce"
  },
  {
    "baseType": 3,
    "name": "opened_at",
    "defaultValue": "",
    "description": "",
    "helpText": "",
    "isSystem": false,
    "minLength": 0,
    "maxLength": 1000,
    "validationRegex": "",
    "isValidate": false,
    "uuid": "0dc8b9cc-adb3-45bc-9cb6-8c8ae8950d34"
  },
  {
    "baseType": 3,
    "name": "ticket_category",
    "defaultValue": "",
    "description": "",
    "helpText": "",
    "isSystem": false,
    "minLength": 0,
    "maxLength": 10000,
    "validationRegex": "",
    "isValidate": false,
    "uuid": "9376a039-c8b1-4dda-8b0d-9dfa5f2c23e3"
  },
  {
    "baseType": 3,
    "name": "ticket_description",
    "defaultValue": "",
    "description": "",
    "helpText": "",
    "isSystem": false,
    "minLength": 0,
    "maxLength": 10000,
    "validationRegex": "",
    "isValidate": false,
    "uuid": "3d8fcec0-7bc5-432c-a3b6-235ec7e72d3d"
  },
  {
    "baseType": 3,
    "name": "ticket_group_name",
    "defaultValue": "",
    "description": "",
    "helpText": "",
    "isSystem": false,
    "minLength": 0,
    "maxLength": 1000,
    "validationRegex": "",
    "isValidate": false,
    "uuid": "b6191496-cd8c-4daa-8b1d-b467a84dbee5"
  },
  {
    "baseType": 3,
    "name": "ticket_id",
    "defaultValue": "",
    "description": "",
    "helpText": "",
    "isSystem": false,
    "minLength": 0,
    "maxLength": 10000,
    "validationRegex": "",
    "isValidate": false,
    "uuid": "08652b74-cb36-427f-82a4-08ee6c0fb34b"
  },
  {
    "baseType": 3,
    "name": "ticket_impact",
    "defaultValue": "",
    "description": "",
    "helpText": "",
    "isSystem": false,
    "minLength": 0,
    "maxLength": 1000,
    "validationRegex": "",
    "isValidate": false,
    "uuid": "3d2f9be4-a426-4849-8147-5150d1a19dc2"
  },
  {
    "baseType": 3,
    "name": "ticket_priority",
    "defaultValue": "",
    "description": "",
    "helpText": "",
    "isSystem": false,
    "minLength": 0,
    "maxLength": 10000,
    "validationRegex": "",
    "isValidate": false,
    "uuid": "9381096a-6605-48f9-aff0-0dd31bfbfa88"
  },
  {
    "baseType": 3,
    "name": "ticket_public_url",
    "defaultValue": "",
    "description": "",
    "helpText": "",
    "isSystem": false,
    "minLength": 0,
    "maxLength": 10000,
    "validationRegex": "",
    "isValidate": false,
    "uuid": "5135a3df-de56-4423-ac87-921b3ab8ee91"
  },
  {
    "baseType": 3,
    "name": "ticket_requester_name",
    "defaultValue": "",
    "description": "",
    "helpText": "",
    "isSystem": false,
    "minLength": 0,
    "maxLength": 10000,
    "validationRegex": "",
    "isValidate": false,
    "uuid": "d1bdf0dd-e90c-4782-915d-f9b5c8008dfd"
  },
  {
    "baseType": 3,
    "name": "ticket_status",
    "defaultValue": "",
    "description": "",
    "helpText": "",
    "isSystem": false,
    "minLength": 0,
    "maxLength": 1000,
    "validationRegex": "",
    "isValidate": false,
    "uuid": "cb699182-8547-4086-b1b8-66222d7b0187"
  },
  {
    "baseType": 3,
    "name": "ticket_subject",
    "defaultValue": "",
    "description": "",
    "helpText": "",
    "isSystem": false,
    "minLength": 0,
    "maxLength": 1000,
    "validationRegex": "",
    "isValidate": false,
    "uuid": "f6017b72-df9a-48a8-8e58-3787fcaf4a3f"
  },
  {
    "baseType": 3,
    "name": "ticket_tags",
    "defaultValue": "",
    "description": "",
    "helpText": "",
    "isSystem": false,
    "minLength": 0,
    "maxLength": 10000,
    "validationRegex": "",
    "isValidate": false,
    "uuid": "502703bd-6a97-4713-86bf-6087cc59547a"
  },
  {
    "baseType": 3,
    "name": "ticket_type",
    "defaultValue": "",
    "description": "",
    "helpText": "",
    "isSystem": false,
    "minLength": 0,
    "maxLength": 10000,
    "validationRegex": "",
    "isValidate": false,
    "uuid": "7e309268-718f-4f01-9894-26da116b82a1"
  },
  {
    "baseType": 3,
    "name": "ticket_urgency",
    "defaultValue": "",
    "description": "",
    "helpText": "",
    "isSystem": false,
    "minLength": 0,
    "maxLength": 10000,
    "validationRegex": "",
    "isValidate": false,
    "uuid": "fdcd7a6e-edf8-4cc1-af68-962627b3ef45"
  },
  {
    "baseType": 3,
    "name": "ticket_url",
    "defaultValue": "",
    "description": "",
    "helpText": "",
    "isSystem": false,
    "minLength": 0,
    "maxLength": 1000,
    "validationRegex": "",
    "isValidate": false,
    "uuid": "37208998-2f60-4d22-a4e5-a3875e7afb48"
  }
]