{
  "integrations": [
    {
      "id": "a2b75596-4673-4f87-bffd-bf0668f3b887",
      "name": "Freshservice alert - Device Delivery Updates",
      "action": "RUN_SCRIPT",
      "type": "OUTBOUND_WEBHOOK",
      "triggeredBy": "DELIVERYSTATUS",
      "deployed": true,
      "form": "36202c98-124e-49e9-b2ac-b94d1d971896",
      "environment": "HOSTED",
      "authType": "NONE",
      "createdBy": "FLOW"
    },
    {
      "id": "243d9688-23ed-43fb-9095-75c6f22d8bdd",
      "name": "Freshservice - Assignment Alert - Acknowledge",
      "action": "RUN_SCRIPT",
      "type": "OUTBOUND_WEBHOOK",
      "triggeredBy": "RESPONSE",
      "responseChoice": "Acknowledge",
      "deployed": true,
      "form": "36202c98-124e-49e9-b2ac-b94d1d971896",
      "environment": "HOSTED",
      "authType": "NONE",
      "createdBy": "FLOW"
    },
    {
      "id": "b7025a30-e6ab-4fab-9809-4cb78387cbc3",
      "name": "Freshservice - Assignment Alert - Escalate",
      "action": "RUN_SCRIPT",
      "type": "OUTBOUND_WEBHOOK",
      "triggeredBy": "RESPONSE",
      "responseChoice": "Escalate",
      "deployed": true,
      "form": "36202c98-124e-49e9-b2ac-b94d1d971896",
      "environment": "HOSTED",
      "authType": "NONE",
      "createdBy": "FLOW"
    },
    {
      "id": "c76f262e-a074-4290-a9dc-6ba7c0d5129a",
      "name": "Freshservice Assignment Alert - Escalations",
      "action": "RUN_SCRIPT",
      "type": "OUTBOUND_WEBHOOK",
      "triggeredBy": "ESCALATION",
      "deployed": true,
      "form": "36202c98-124e-49e9-b2ac-b94d1d971896",
      "environment": "HOSTED",
      "authType": "NONE",
      "createdBy": "FLOW"
    },
    {
      "id": "5f8ba27a-623b-4ec0-93ad-cb9b32682e23",
      "name": "Freshservice Assignment Alert - Event Comments",
      "action": "RUN_SCRIPT",
      "type": "OUTBOUND_WEBHOOK",
      "triggeredBy": "ANNOTATION",
      "deployed": true,
      "form": "36202c98-124e-49e9-b2ac-b94d1d971896",
      "environment": "HOSTED",
      "authType": "NONE",
      "createdBy": "FLOW"
    },
    {
      "id": "8ec884c9-8134-4091-bde6-69f7040e60c6",
      "name": "Freshservice Assignment Alert - Event Status Updates",
      "action": "RUN_SCRIPT",
      "type": "OUTBOUND_WEBHOOK",
      "triggeredBy": "STATUS",
      "deployed": true,
      "form": "36202c98-124e-49e9-b2ac-b94d1d971896",
      "environment": "HOSTED",
      "authType": "NONE",
      "createdBy": "FLOW"
    },
    {
      "id": "e3febec3-5727-4e2f-b9f5-de458af7151c",
      "name": "Freshservice - Assignment Alert - Freshservice inbound",
      "action": "RUN_SCRIPT",
      "type": "INBOUND_WEBHOOK",
      "deployed": true,
      "form": "36202c98-124e-49e9-b2ac-b94d1d971896",
      "environment": "HOSTED",
      "authType": "URL",
      "createdBy": "FLOW",
      "integrationScriptStepUuid": "0fc11b6b-7c98-493e-93a0-1c5063a4bf3c"
    },
    {
      "id": "0f8b15a7-49ec-4031-be7d-1ad91ed5d786",
      "name": "Freshservice - Assignment Alert - Resolve",
      "action": "RUN_SCRIPT",
      "type": "OUTBOUND_WEBHOOK",
      "triggeredBy": "RESPONSE",
      "responseChoice": "Resolve",
      "deployed": true,
      "form": "36202c98-124e-49e9-b2ac-b94d1d971896",
      "environment": "HOSTED",
      "authType": "NONE",
      "createdBy": "FLOW"
    },
    {
      "id": "8e5f1ec9-6b86-4f41-a65e-e3a5ea074098",
      "name": "Freshservice - Engage with xMatters - Acknowledge",
      "action": "RUN_SCRIPT",
      "type": "OUTBOUND_WEBHOOK",
      "triggeredBy": "RESPONSE",
      "responseChoice": "Acknowledge",
      "deployed": true,
      "form": "d94589bb-d68b-45ee-beeb-649bff8bffbe",
      "environment": "HOSTED",
      "authType": "NONE",
      "createdBy": "FLOW"
    },
    {
      "id": "ded9dfef-b74f-4b1d-9fe6-6df5f0336733",
      "name": "Freshservice - Engage with xMatters - Escalate",
      "action": "RUN_SCRIPT",
      "type": "OUTBOUND_WEBHOOK",
      "triggeredBy": "RESPONSE",
      "responseChoice": "Escalate",
      "deployed": true,
      "form": "d94589bb-d68b-45ee-beeb-649bff8bffbe",
      "environment": "HOSTED",
      "authType": "NONE",
      "createdBy": "FLOW"
    },
    {
      "id": "80cfca18-cd14-41eb-9580-04fea0cc3beb",
      "name": "Freshservice - Engage with xMatters - Event Comments",
      "action": "RUN_SCRIPT",
      "type": "OUTBOUND_WEBHOOK",
      "triggeredBy": "ANNOTATION",
      "deployed": true,
      "form": "d94589bb-d68b-45ee-beeb-649bff8bffbe",
      "environment": "HOSTED",
      "authType": "NONE",
      "createdBy": "FLOW"
    },
    {
      "id": "b98f82e6-5079-4125-9fe7-c972ade77ec0",
      "name": "Freshservice - Engage with xMatters - Freshservice inbound",
      "action": "RUN_SCRIPT",
      "type": "INBOUND_WEBHOOK",
      "deployed": true,
      "form": "d94589bb-d68b-45ee-beeb-649bff8bffbe",
      "environment": "HOSTED",
      "authType": "URL",
      "createdBy": "FLOW",
      "integrationScriptStepUuid": "0fc11b6b-7c98-493e-93a0-1c5063a4bf3c"
    },
    {
      "id": "52499a6a-17b1-4e89-aff4-b80e898990c2",
      "name": "Freshservice - Inform with xMatters - Freshservice inbound",
      "action": "RUN_SCRIPT",
      "type": "INBOUND_WEBHOOK",
      "deployed": true,
      "form": "2e17297a-edd8-4c46-8d57-e45bce5350cd",
      "environment": "HOSTED",
      "authType": "URL",
      "createdBy": "FLOW",
      "integrationScriptStepUuid": "0fc11b6b-7c98-493e-93a0-1c5063a4bf3c"
    }
  ],
  "endpoints": [
    {
      "name": "FreshService",
      "baseUrl": "https://domain.freshservice.com",
      "type": "EXTERNAL",
      "authentication": "BASIC"
    }
  ],
  "constants": [
    {
      "name": "Azure Password",
      "value": "Unb64eauH04W",
      "description": ""
    },
    {
      "name": "Azure Username",
      "value": "xMattersAPI@xmattersocto.onmicrosoft.com",
      "description": ""
    },
    {
      "name": "Base Link to FreshService Incident",
      "value": "https://xmatters.freshservice.com/helpdesk/tickets/",
      "description": "has a slash"
    },
    {
      "name": "Teams Application Client ID",
      "value": "09bfd038-1441-4758-9b00-67b1e1c2f406",
      "description": "Teams Application Client ID"
    },
    {
      "name": "Teams Client Secret",
      "value": "Du=6[DX69m5YUiWgL[jIItmf[M6Eqrp1",
      "description": "Teams Client Secret"
    },
    {
      "name": "Teams Directory (Tenant) ID",
      "value": "88cc69ce-e6aa-4459-947e-2ece8e38b4ed",
      "description": "Teams Directory (Tenant) ID"
    }
  ]
}