{
  "integrations": [
    {
      "id": "36eba662-90a0-4dd5-9586-9c856b21896b",
      "name": "Freshservice alert - Device Delivery Updates",
      "action": "RUN_SCRIPT",
      "type": "OUTBOUND_WEBHOOK",
      "triggeredBy": "DELIVERYSTATUS",
      "deployed": true,
      "form": "56a544dd-ff7b-44a9-bd75-64380f76cba3",
      "environment": "HOSTED",
      "authType": "NONE",
      "createdBy": "FLOW"
    },
    {
      "id": "277b6242-cd06-4610-944d-301eae2aa09a",
      "name": "Freshservice - Assignment Alert - Acknowledge",
      "action": "RUN_SCRIPT",
      "type": "OUTBOUND_WEBHOOK",
      "triggeredBy": "RESPONSE",
      "responseChoice": "Acknowledge",
      "deployed": true,
      "form": "56a544dd-ff7b-44a9-bd75-64380f76cba3",
      "environment": "HOSTED",
      "authType": "NONE",
      "createdBy": "FLOW"
    },
    {
      "id": "e13ea3ea-b856-4a5d-bbb9-a580a1632e96",
      "name": "Freshservice - Assignment Alert - Escalate",
      "action": "RUN_SCRIPT",
      "type": "OUTBOUND_WEBHOOK",
      "triggeredBy": "RESPONSE",
      "responseChoice": "Escalate",
      "deployed": true,
      "form": "56a544dd-ff7b-44a9-bd75-64380f76cba3",
      "environment": "HOSTED",
      "authType": "NONE",
      "createdBy": "FLOW"
    },
    {
      "id": "d3a2080b-60f9-4126-b696-61e4dd8d11a3",
      "name": "Freshservice Assignment Alert - Escalations",
      "action": "RUN_SCRIPT",
      "type": "OUTBOUND_WEBHOOK",
      "triggeredBy": "ESCALATION",
      "deployed": true,
      "form": "56a544dd-ff7b-44a9-bd75-64380f76cba3",
      "environment": "HOSTED",
      "authType": "NONE",
      "createdBy": "FLOW"
    },
    {
      "id": "ffb04c2d-8e92-446e-9b59-1843a8fa20d3",
      "name": "Freshservice Assignment Alert - Event Comments",
      "action": "RUN_SCRIPT",
      "type": "OUTBOUND_WEBHOOK",
      "triggeredBy": "ANNOTATION",
      "deployed": true,
      "form": "56a544dd-ff7b-44a9-bd75-64380f76cba3",
      "environment": "HOSTED",
      "authType": "NONE",
      "createdBy": "FLOW"
    },
    {
      "id": "ccfd7167-010c-4e82-8711-525f48e5922f",
      "name": "Freshservice Assignment Alert - Event Status Updates",
      "action": "RUN_SCRIPT",
      "type": "OUTBOUND_WEBHOOK",
      "triggeredBy": "STATUS",
      "deployed": true,
      "form": "56a544dd-ff7b-44a9-bd75-64380f76cba3",
      "environment": "HOSTED",
      "authType": "NONE",
      "createdBy": "FLOW"
    },
    {
      "id": "16afe674-0c35-455b-a83d-81c6da28c0b4",
      "name": "Freshservice - Assignment Alert - Freshservice inbound",
      "action": "RUN_SCRIPT",
      "type": "INBOUND_WEBHOOK",
      "deployed": true,
      "form": "56a544dd-ff7b-44a9-bd75-64380f76cba3",
      "environment": "HOSTED",
      "authType": "URL",
      "createdBy": "FLOW",
      "integrationScriptStepUuid": "97c41c87-ffe3-4231-9a2b-c30c2ca05d51"
    },
    {
      "id": "def9320c-a18c-42a9-92c5-1d6477587f9b",
      "name": "Freshservice - Assignment Alert - Resolve",
      "action": "RUN_SCRIPT",
      "type": "OUTBOUND_WEBHOOK",
      "triggeredBy": "RESPONSE",
      "responseChoice": "Resolve",
      "deployed": true,
      "form": "56a544dd-ff7b-44a9-bd75-64380f76cba3",
      "environment": "HOSTED",
      "authType": "NONE",
      "createdBy": "FLOW"
    },
    {
      "id": "8005c448-710f-4665-82ef-e7bb42bc6cfd",
      "name": "Freshservice - Engage with xMatters - Acknowledge",
      "action": "RUN_SCRIPT",
      "type": "OUTBOUND_WEBHOOK",
      "triggeredBy": "RESPONSE",
      "responseChoice": "Acknowledge",
      "deployed": true,
      "form": "e12e65df-db40-4d3d-8469-4bb55c43b9ce",
      "environment": "HOSTED",
      "authType": "NONE",
      "createdBy": "FLOW"
    },
    {
      "id": "c86f1764-9751-461e-9945-e4a487381d55",
      "name": "Freshservice - Engage with xMatters - Escalate",
      "action": "RUN_SCRIPT",
      "type": "OUTBOUND_WEBHOOK",
      "triggeredBy": "RESPONSE",
      "responseChoice": "Escalate",
      "deployed": true,
      "form": "e12e65df-db40-4d3d-8469-4bb55c43b9ce",
      "environment": "HOSTED",
      "authType": "NONE",
      "createdBy": "FLOW"
    },
    {
      "id": "d7f451ba-270b-4ed7-b2bd-c7189e7cd60f",
      "name": "Freshservice - Engage with xMatters - Freshservice inbound",
      "action": "RUN_SCRIPT",
      "type": "INBOUND_WEBHOOK",
      "deployed": true,
      "form": "e12e65df-db40-4d3d-8469-4bb55c43b9ce",
      "environment": "HOSTED",
      "authType": "URL",
      "createdBy": "FLOW",
      "integrationScriptStepUuid": "97c41c87-ffe3-4231-9a2b-c30c2ca05d51"
    },
    {
      "id": "174166f0-4229-467d-afa3-35b9d59706a0",
      "name": "Freshservice - Inform with xMatters - Freshservice inbound",
      "action": "RUN_SCRIPT",
      "type": "INBOUND_WEBHOOK",
      "deployed": true,
      "form": "1c28270e-7f22-45d9-8e67-d9b87b47f640",
      "environment": "HOSTED",
      "authType": "URL",
      "createdBy": "FLOW",
      "integrationScriptStepUuid": "97c41c87-ffe3-4231-9a2b-c30c2ca05d51"
    }
  ],
  "endpoints": [
    {
      "name": "FreshService",
      "baseUrl": "https://xmatters.freshservice.com",
      "type": "EXTERNAL",
      "authentication": "BASIC"
    }
  ],
  "constants": [
    {
      "name": "Azure Password",
      "value": "Unb64eauH04W",
      "description": ""
    },
    {
      "name": "Azure Username",
      "value": "xMattersAPI@xmattersocto.onmicrosoft.com",
      "description": ""
    },
    {
      "name": "Base Link to FreshService Incident",
      "value": "https://xmatters.freshservice.com/helpdesk/tickets/",
      "description": "has a slash"
    },
    {
      "name": "Teams Application Client ID",
      "value": "09bfd038-1441-4758-9b00-67b1e1c2f406",
      "description": "Teams Application Client ID"
    },
    {
      "name": "Teams Client Secret",
      "value": "Du=6[DX69m5YUiWgL[jIItmf[M6Eqrp1",
      "description": "Teams Client Secret"
    },
    {
      "name": "Teams Directory (Tenant) ID",
      "value": "88cc69ce-e6aa-4459-947e-2ece8e38b4ed",
      "description": "Teams Directory (Tenant) ID"
    }
  ]
}