[
  {
    "id": "8bd85202-e479-4994-93f3-3193276ed180",
    "name": "FreshService - Create Note",
    "description": "",
    "icon": "https://s3-xmatters-static.s3.amazonaws.com/null/customers/c7ec6115-b3a8-4568-a32f-bd79a16602fe/IMAGE__20200326153450415__freshservice.png",
    "script": "console.log(\"****************STARTING MAKING COMMENT STEP\")\n\nvar longincId = input['Ticket ID'].split(\"-\");\nvar short_id = longincId[1];\n\nvar bool = (input['Make Comment Private'] && input['Make Comment Private'].toLowerCase() == \"true\" ? true : false);\n\nvar apiRequest = http.request({\n    'endpoint': 'FreshService',\n    'path': '/api/v2/tickets/' + short_id + '/notes',\n    'method': 'POST'\n});\n\nvar payload = {\n\t\"body\": (input['Comment']),\n\t\"private\": bool\n};\n\nvar apiResponse = apiRequest.write(payload);\nif (apiResponse.statusCode == 200) {\n    var commentsomething = JSON.parse(apiResponse.body);\n}\n\n\n\n\n\n",
    "endpointLabel": "FreshService",
    "allowedEnvironment": "HOSTED",
    "accessibleByAll": "NotShared",
    "scriptStepType": "USER",
    "inputs": [
      {
        "id": "234c6a90-a8a8-430c-9fb3-ef61af732e10",
        "name": "Ticket ID",
        "helpText": "",
        "defaultValue": "",
        "multiline": false,
        "required": false,
        "validationRegex": "",
        "maxLength": 2000,
        "minLength": 0,
        "position": 0
      },
      {
        "id": "8296e883-e11f-4134-9a97-4e098f8fb020",
        "name": "Comment",
        "helpText": "Content of the note in HTML format",
        "defaultValue": "",
        "multiline": true,
        "required": false,
        "validationRegex": "",
        "maxLength": 2000,
        "minLength": 0,
        "position": 1
      },
      {
        "id": "c7cdcad3-31f5-42ec-88ac-7f4ea5f42eef",
        "name": "Make Comment Private",
        "helpText": "Type of comment to add: set to \"false\" to add a public reply or \"true\" to add an internal note.",
        "defaultValue": "true",
        "multiline": false,
        "required": false,
        "validationRegex": "",
        "maxLength": 2000,
        "minLength": 0,
        "position": 2
      }
    ],
    "outputs": [
      {
        "id": "ca903540-a804-4e3d-a069-be20dccf6204",
        "name": "conversation_id",
        "position": 0
      }
    ],
    "libraries": []
  },
  {
    "id": "97c41c87-ffe3-4231-9a2b-c30c2ca05d51",
    "name": "Freshservice inbound",
    "description": "",
    "icon": "https://s3-xmatters-static.s3.amazonaws.com/null/customers/c7ec6115-b3a8-4568-a32f-bd79a16602fe/IMAGE__20200326153450415__freshservice.png",
    "script": "\nvar payload = JSON.parse(request.body);  //Use this if the payload is a JSON object in the request body\n\nconsole.log(payload)\n\noutput['ticket_id'] = payload.freshdesk_webhook.ticket_id;\noutput['ticket_description'] = payload.freshdesk_webhook.ticket_description;\noutput['ticket_url'] = payload.freshdesk_webhook.ticket_url;\noutput['ticket_public_url'] = payload.freshdesk_webhook.ticket_public_url;\noutput['ticket_tags'] = payload.freshdesk_webhook.ticket_tags;\noutput['ticket_group_name'] = payload.freshdesk_webhook.ticket_group_name;\noutput['ticket_priority'] = payload.freshdesk_webhook.ticket_priority;\noutput['ticket_type'] = payload.freshdesk_webhook.ticket_type;\noutput['ticket_urgency'] = payload.freshdesk_webhook.ticket_urgency;\noutput['ticket_impact'] = payload.freshdesk_webhook.ticket_impact;\noutput['ticket_category'] = payload.freshdesk_webhook.ticket_category;\noutput['ticket_requester_name'] = payload.freshdesk_webhook.ticket_requester_name;\noutput['ticket_subject'] = payload.freshdesk_webhook.ticket_subject;\noutput['current_date_and_time'] = payload.freshdesk_webhook.current_date_and_time;\noutput['ticket.agent.name'] = payload.freshdesk_webhook.ticket_agent_name;\noutput['ticket_latest_public_comment'] = payload.freshdesk_webhook.ticket_latest_public_comment;\noutput['ticket.created.at'] = payload.freshdesk_webhook.created_at;\noutput['ticket_status'] = payload.freshdesk_webhook.ticket_status\n",
    "allowedEnvironment": "HOSTED",
    "accessibleByAll": "NotShared",
    "triggerAuthType": "URL_AUTH",
    "scriptStepType": "CUSTOM_HTTP",
    "inputs": [],
    "outputs": [
      {
        "id": "66ba7d8b-2934-4f3a-b749-1acf46342cc2",
        "name": "ticket_id",
        "description": "",
        "position": 0
      },
      {
        "id": "649f17aa-2ce6-48d9-b3f3-ba0e18b42836",
        "name": "ticket_description",
        "description": "",
        "position": 1
      },
      {
        "id": "e389cc9b-89ab-4d7e-bd19-8fe3ee54e6c9",
        "name": "ticket_url",
        "description": "",
        "position": 2
      },
      {
        "id": "af9a2909-f781-4f67-a56d-c6664f166fe2",
        "name": "ticket_public_url",
        "description": "",
        "position": 3
      },
      {
        "id": "2f075d3f-f70b-4ca0-8415-30debd5d1ba4",
        "name": "ticket_tags",
        "description": "",
        "position": 4
      },
      {
        "id": "e4963fa3-8515-4183-9ff8-7c8b69659361",
        "name": "ticket_group_name",
        "description": "",
        "position": 5
      },
      {
        "id": "36bc834c-3ecd-4be9-9bc6-4501663f8e63",
        "name": "ticket_priority",
        "description": "",
        "position": 6
      },
      {
        "id": "6a18fc95-e157-470b-bdfd-b0e91548e186",
        "name": "ticket_type",
        "description": "",
        "position": 7
      },
      {
        "id": "bc12e5b6-a2b7-4c9d-ba58-87bfb091f2a1",
        "name": "ticket_urgency",
        "description": "",
        "position": 8
      },
      {
        "id": "8f72d577-f356-48fa-8dfe-f292ed683057",
        "name": "ticket_impact",
        "description": "",
        "position": 9
      },
      {
        "id": "cbaf7e41-80cd-4de9-bb9d-1f692dcc40ff",
        "name": "ticket_category",
        "description": "",
        "position": 10
      },
      {
        "id": "a66549b4-f7d3-434a-a037-60755bd31331",
        "name": "ticket_requester_name",
        "description": "",
        "position": 11
      },
      {
        "id": "74ecdf98-a6ea-4d8b-81de-bc019cb2c3c7",
        "name": "ticket_subject",
        "description": "",
        "position": 12
      },
      {
        "id": "de407d69-92bd-42f8-8d0d-43e650994fda",
        "name": "current_date_and_time",
        "description": "",
        "position": 13
      },
      {
        "id": "04cdca1f-dbd0-4e16-a332-5ab9099e846a",
        "name": "ticket.agent.name",
        "description": "",
        "position": 14
      },
      {
        "id": "39f457d8-a227-4043-8a6e-46d298d2d3b5",
        "name": "ticket_latest_public_comment",
        "description": "",
        "position": 15
      },
      {
        "id": "f005c360-db2c-4c3c-b1a2-ff9159199ded",
        "name": "ticket_status",
        "description": "",
        "position": 16
      },
      {
        "id": "ba2efd3e-d7d0-46b9-9580-701650b5975b",
        "name": "ticket.created.at",
        "position": 17
      }
    ],
    "libraries": []
  },
  {
    "id": "c8feff57-3ac8-4af6-95a4-0695e6031762",
    "name": "Freshservice - Parse Note",
    "description": "This step is needed to parse out the HTML part of the Freshservice Note",
    "icon": "https://s3-xmatters-static.s3.amazonaws.com/null/customers/c7ec6115-b3a8-4568-a32f-bd79a16602fe/IMAGE__20200326153450415__freshservice.png",
    "script": "mystring = input['last_public_comment'];\n\n//setup regex to find the html tags and new lines\nre = new RegExp('(<[^>]+>|\\\\n)', 'gs');\n\n//this is using the regex and replacing matches with '' then spliting the result at the ' : ' string.\nmyNewString = mystring.replace(re, '').split(' : ');\n\noutput['agent_commenter'] = myNewString[0];\noutput['note'] = myNewString[1];\n\n",
    "allowedEnvironment": "HOSTED",
    "accessibleByAll": "NotShared",
    "scriptStepType": "USER",
    "inputs": [
      {
        "id": "4016e9d3-7a29-4e3a-9755-3a4ef4e5bbc6",
        "name": "last_public_comment",
        "helpText": "Content of the note in HTML format",
        "defaultValue": "",
        "multiline": true,
        "required": false,
        "validationRegex": "",
        "maxLength": 2000,
        "minLength": 0,
        "position": 0
      }
    ],
    "outputs": [
      {
        "id": "b82d24bf-113c-4463-9692-4814a2ba4991",
        "name": "agent_commenter",
        "position": 0
      },
      {
        "id": "dd111cdf-e8a8-4f9b-b8e6-9c8eb49d6592",
        "name": "note",
        "position": 1
      }
    ],
    "libraries": []
  },
  {
    "id": "ac7c1dfb-c4e0-4d66-b708-537479de8440",
    "name": "FreshService - Update Ticket",
    "description": "",
    "icon": "https://s3-xmatters-static.s3.amazonaws.com/null/customers/c7ec6115-b3a8-4568-a32f-bd79a16602fe/IMAGE__20200326153450415__freshservice.png",
    "script": "console.log(\"****************STARTING UPDATING TICKET STEP\")\n\nvar freshServiceHelper = require('freshServiceHelper');\n\nconsole.log(\"****************GETTING UNIQUE AGENT ID\")\nvar apiRequest = http.request({\n    'endpoint': 'FreshService',\n    'path': '/api/v2/agents?email=' + input['Agent Email'],\n    'method': 'GET'\n});\n\nvar apiResponse = apiRequest.write();\nif (apiResponse.statusCode >= 200 && apiResponse.statusCode < 300) {\n    var response = JSON.parse(apiResponse.body);\n    console.log(response);\n}\n\nvar uniqueId = response.agents[0].id;\nconsole.log(uniqueId)\n//output['Agent_ID'] = uniqueId\n\nvar longincId = input['Ticket ID'].split(\"-\");\nvar short_id = longincId[1];\n\nconsole.log(\"****************UPDATING INCIDENT WITH INPUTS\")\n\nvar apiRequest2 = http.request({\n    'endpoint': 'FreshService',\n    'path': '/api/v2/tickets/' + short_id,\n    'method': 'PUT'\n});\n\nvar payload = {\n    \"responder_id\": uniqueId,\n    \"priority\": freshServiceHelper.stringToInteger(input['Priority']),\n    \"status\": parseInt(input['Status']),\n    \"urgency\": freshServiceHelper.stringToInteger(input['Urgency']),\n    \"impact\": freshServiceHelper.stringToInteger(input['Impact']),\n\t\"description\": input['Description'],\n\t\"subject\": input['Subject']\n};\n\nvar apiResponse2 = apiRequest2.write(payload);\nif (apiResponse2.statusCode >= 200 && apiResponse2.statusCode < 300) {\n    var something = JSON.parse(apiResponse2.body);\n}\n\n",
    "endpointLabel": "FreshService",
    "allowedEnvironment": "HOSTED",
    "accessibleByAll": "NotShared",
    "scriptStepType": "USER",
    "inputs": [
      {
        "id": "48b57cdc-41c4-45a4-804b-4695c0799aab",
        "name": "Ticket ID",
        "helpText": "",
        "defaultValue": "",
        "multiline": false,
        "required": false,
        "validationRegex": "",
        "maxLength": 2000,
        "minLength": 0,
        "position": 0
      },
      {
        "id": "86302355-eb49-4e90-9d1f-11c6255fe62a",
        "name": "Agent Email",
        "helpText": "Freshservice Email for an Agent to look up ID [can use respondedto.by.targetname)@domain.com",
        "defaultValue": "",
        "multiline": false,
        "required": false,
        "validationRegex": "",
        "maxLength": 2000,
        "minLength": 0,
        "position": 1
      },
      {
        "id": "080c1f9a-188b-4076-8f5e-7e3ba84e00be",
        "name": "Status",
        "helpText": "(2 = Open, 3 = Pending, 4 = Resolved, 5 = Closed)",
        "defaultValue": "",
        "multiline": false,
        "required": false,
        "validationRegex": "",
        "maxLength": 2000,
        "minLength": 0,
        "position": 2
      },
      {
        "id": "032af595-5a65-49da-abeb-3eaba70f840c",
        "name": "Subject",
        "helpText": "",
        "defaultValue": "",
        "multiline": false,
        "required": false,
        "validationRegex": "",
        "maxLength": 2000,
        "minLength": 0,
        "position": 3
      },
      {
        "id": "b24c7a7c-1806-483e-93b8-5ad8b5e15ef8",
        "name": "Description",
        "helpText": "Content of the note in HTML format",
        "defaultValue": "",
        "multiline": true,
        "required": false,
        "validationRegex": "",
        "maxLength": 2000,
        "minLength": 0,
        "position": 4
      },
      {
        "id": "7108066d-36e3-4f0a-a785-b99295e71683",
        "name": "Priority",
        "helpText": "(Low, Medium, High, Urgent)",
        "defaultValue": "",
        "multiline": false,
        "required": false,
        "validationRegex": "",
        "maxLength": 2000,
        "minLength": 0,
        "position": 5
      },
      {
        "id": "c6e9c2e0-f52f-4317-bbec-3e43e2e48edc",
        "name": "Urgency",
        "helpText": "(Low, Medium, High)",
        "defaultValue": "",
        "multiline": false,
        "required": false,
        "validationRegex": "",
        "maxLength": 2000,
        "minLength": 0,
        "position": 6
      },
      {
        "id": "e1822d43-30c9-4e8a-94ba-1591af856bb4",
        "name": "Impact",
        "helpText": "(Low, Medium, High)",
        "defaultValue": "",
        "multiline": false,
        "required": false,
        "validationRegex": "",
        "maxLength": 2000,
        "minLength": 0,
        "position": 7
      }
    ],
    "outputs": [],
    "libraries": [
      {
        "id": "648f5bbd-915e-43a9-933f-4a7713ad0b5f",
        "referenceName": "freshServiceHelper",
        "library": {
          "id": "5b3ef955-4a53-459c-aa77-67121f1d1b8b",
          "name": "freshServiceHelper - 1",
          "script": "/*\n * Libraries allow you to write code and reuse it in multiple steps in Flow Designer.\n * This example shows you how to add a new function named 'createGreeting'.\n * To use this function in a script, include the following statements, \n * replacing 'hello world' with the library's reference name.\n \n * You can give each library a reference name when you select it to include it to a script.\n\n * var helloWorld = require('hello world');\n * output['Message'] = helloWorld.createGreeting('Dolly');   // \"Hello, Dolly\"\n\n * You cannot require one library in another library.\n */\n \nexports.stringToInteger = function(name) {\nvar number = 0;    \n    switch(name.toLowerCase()) {\n  case \"low\":\n    number = 1;\n    break;\n  case \"medium\":\n    number = 2;\n    break;\n  case \"high\":\n    number = 3;\n    break;\n  case \"urgent\":\n    number = 4;\n  break;\n}\nreturn number;\n}",
          "accessibleByAll": "NotShared"
        }
      }
    ]
  }
]